experiment,source_job_task,source_job_id,array_task_id,source_file,is_canonical,backend,case,solver,n,repeat,repeats_requested,build_variant,threads,ranks,nx,ny,total_cells,steps,app_elapsed_s,steps_per_s,Mcell_updates_s,wall_seconds,user_seconds,sys_seconds,cpu_percent,max_rss_kb,major_page_faults,minor_page_faults,voluntary_context_switches,involuntary_context_switches,start_utc,end_utc,exit_status,hostname,git_branch,git_commit
euler,32169902_3,32169902,3,32169902_3/cpu_openmp/cpu_openmp_force.csv,1,cpu_openmp,blast_wave,force,1,1,3,repository_default_openmp,76,0,500,500,250000,2300,4.9660,463.15,115.8,5.026253824,375.25,0.20,7522%,146864,53,4520,147,3384,2026-07-26T22:19:34.994840393+00:00,2026-07-26T22:19:40.024065609+00:00,0,cpu-q-523,3D_task,2a509747a004965ee75f6c8457436b9cd4d57a06
euler,32169902_3,32169902,3,32169902_3/cpu_openmp/cpu_openmp_force.csv,1,cpu_openmp,blast_wave,force,1,2,3,repository_default_openmp,76,0,500,500,250000,2300,5.2078,441.64,110.4,5.254502912,393.64,0.13,7523%,148816,63,4970,166,3437,2026-07-26T22:19:40.071114536+00:00,2026-07-26T22:19:45.328721359+00:00,0,cpu-q-523,3D_task,2a509747a004965ee75f6c8457436b9cd4d57a06
euler,32169902_3,32169902,3,32169902_3/cpu_openmp/cpu_openmp_force.csv,1,cpu_openmp,blast_wave,force,1,3,3,repository_default_openmp,76,0,500,500,250000,2300,5.0434,456.04,114.0,5.098100224,380.32,0.14,7504%,146668,50,4471,223,3407,2026-07-26T22:19:45.376267828+00:00,2026-07-26T22:19:50.477639144+00:00,0,cpu-q-523,3D_task,2a509747a004965ee75f6c8457436b9cd4d57a06
euler,32169902_3,32169902,3,32169902_3/cpu_openmp/cpu_openmp_force.csv,1,cpu_openmp,blast_wave,force,2,1,3,repository_default_openmp,76,0,1000,1000,1000000,4697,84.6094,55.51,55.5,84.732886784,6381.08,1.05,7534%,570460,32,4599,964,51158,2026-07-26T22:22:39.967461617+00:00,2026-07-26T22:24:04.703474104+00:00,0,cpu-q-523,3D_task,2a509747a004965ee75f6c8457436b9cd4d57a06
euler,32169902_3,32169902,3,32169902_3/cpu_openmp/cpu_openmp_force.csv,1,cpu_openmp,blast_wave,force,2,2,3,repository_default_openmp,76,0,1000,1000,1000000,4697,86.6654,54.20,54.2,86.794366720,6536.28,1.12,7535%,570436,58,4586,1169,55193,2026-07-26T22:24:04.750925901+00:00,2026-07-26T22:25:31.548501040+00:00,0,cpu-q-523,3D_task,2a509747a004965ee75f6c8457436b9cd4d57a06
euler,32169902_3,32169902,3,32169902_3/cpu_openmp/cpu_openmp_force.csv,1,cpu_openmp,blast_wave,force,2,3,3,repository_default_openmp,76,0,1000,1000,1000000,4697,84.4654,55.61,55.6,84.720468480,6370.37,1.12,7534%,570464,53,5101,881,53833,2026-07-26T22:25:31.596860797+00:00,2026-07-26T22:26:56.320396818+00:00,0,cpu-q-523,3D_task,2a509747a004965ee75f6c8457436b9cd4d57a06
euler,32169902_3,32169902,3,32169902_3/cpu_openmp/cpu_openmp_force.csv,1,cpu_openmp,blast_wave,force,4,1,1,repository_default_openmp,76,0,2000,2000,4000000,9590,808.9775,11.85,47.4,809.380443392,61072.32,7.04,7546%,2262952,72,5216,119129,467014,2026-07-26T22:41:43.075459911+00:00,2026-07-26T22:55:12.458843225+00:00,0,cpu-q-523,3D_task,2a509747a004965ee75f6c8457436b9cd4d57a06
euler,32130915_0,32130915,0,32130915_0/cpu_openmp/cpu_openmp_hll.csv,0,cpu_openmp,blast_wave,hll,1,1,3,repository_default_openmp,76,0,500,500,250000,2276,6.0836,374.12,93.5,6.164746752,458.04,0.18,7470%,146600,25,4485,187,3933,2026-07-26T07:02:55.520487132+00:00,2026-07-26T07:03:01.694780783+00:00,0,cpu-q-548,3D_task,ee703c05c778624ac02c2bfe2f3ff2a84338c804
euler,32130915_0,32130915,0,32130915_0/cpu_openmp/cpu_openmp_hll.csv,0,cpu_openmp,blast_wave,hll,1,2,3,repository_default_openmp,76,0,500,500,250000,2276,5.7875,393.26,98.3,5.878330624,435.72,0.14,7462%,146856,37,4964,203,3790,2026-07-26T07:03:01.865722359+00:00,2026-07-26T07:03:07.755030039+00:00,0,cpu-q-548,3D_task,ee703c05c778624ac02c2bfe2f3ff2a84338c804
euler,32130915_0,32130915,0,32130915_0/cpu_openmp/cpu_openmp_hll.csv,0,cpu_openmp,blast_wave,hll,1,3,3,repository_default_openmp,76,0,500,500,250000,2276,6.1166,372.10,93.0,6.188758016,460.06,0.19,7462%,146756,38,4448,614,3876,2026-07-26T07:03:07.931045578+00:00,2026-07-26T07:03:14.128406090+00:00,0,cpu-q-548,3D_task,ee703c05c778624ac02c2bfe2f3ff2a84338c804
euler,32176122_0,32176122,0,32176122_0/cpu_openmp/cpu_openmp_hll.csv,1,cpu_openmp,blast_wave,hll,1,1,3,repository_default_openmp,76,0,500,500,250000,2276,4.2659,533.53,133.4,4.325645056,322.22,0.11,7510%,146820,4,5003,80,2685,2026-07-26T20:18:41.525201805+00:00,2026-07-26T20:18:45.854085267+00:00,0,cpu-q-188,3D_task,2a509747a004965ee75f6c8457436b9cd4d57a06
euler,32176122_0,32176122,0,32176122_0/cpu_openmp/cpu_openmp_hll.csv,1,cpu_openmp,blast_wave,hll,1,2,3,repository_default_openmp,76,0,500,500,250000,2276,4.5951,495.32,123.8,4.659225088,346.11,0.08,7491%,146848,30,4481,340,3430,2026-07-26T20:18:45.900925181+00:00,2026-07-26T20:18:50.563178019+00:00,0,cpu-q-188,3D_task,2a509747a004965ee75f6c8457436b9cd4d57a06
euler,32176122_0,32176122,0,32176122_0/cpu_openmp/cpu_openmp_hll.csv,1,cpu_openmp,blast_wave,hll,1,3,3,repository_default_openmp,76,0,500,500,250000,2276,4.2108,540.52,135.1,4.259010816,318.06,0.13,7509%,146896,59,4428,147,2828,2026-07-26T20:18:50.609206483+00:00,2026-07-26T20:18:54.871379374+00:00,0,cpu-q-188,3D_task,2a509747a004965ee75f6c8457436b9cd4d57a06
euler,32130915_0,32130915,0,32130915_0/cpu_openmp/cpu_openmp_hll.csv,0,cpu_openmp,blast_wave,hll,2,1,3,repository_default_openmp,76,0,1000,1000,1000000,4653,88.5839,52.53,52.5,88.762572288,6683.07,1.04,7534%,570508,31,5103,865,54678,2026-07-26T07:06:09.052602962+00:00,2026-07-26T07:07:37.827477493+00:00,0,cpu-q-548,3D_task,ee703c05c778624ac02c2bfe2f3ff2a84338c804
euler,32130915_0,32130915,0,32130915_0/cpu_openmp/cpu_openmp_hll.csv,0,cpu_openmp,blast_wave,hll,2,2,3,repository_default_openmp,76,0,1000,1000,1000000,4653,89.1147,52.21,52.2,89.268274432,6723.83,0.97,7536%,570572,31,5111,867,51908,2026-07-26T07:07:37.996784925+00:00,2026-07-26T07:09:07.277509639+00:00,0,cpu-q-548,3D_task,ee703c05c778624ac02c2bfe2f3ff2a84338c804
euler,32130915_0,32130915,0,32130915_0/cpu_openmp/cpu_openmp_hll.csv,0,cpu_openmp,blast_wave,hll,2,3,3,repository_default_openmp,76,0,1000,1000,1000000,4653,89.4569,52.01,52.0,89.628333312,6742.90,0.97,7528%,570452,7,5126,2141,56873,2026-07-26T07:09:07.443748083+00:00,2026-07-26T07:10:37.084649674+00:00,0,cpu-q-548,3D_task,ee703c05c778624ac02c2bfe2f3ff2a84338c804
euler,32176122_0,32176122,0,32176122_0/cpu_openmp/cpu_openmp_hll.csv,1,cpu_openmp,blast_wave,hll,2,1,3,repository_default_openmp,76,0,1000,1000,1000000,4653,84.0482,55.36,55.4,84.213764608,6341.04,0.82,7537%,570228,83,4532,867,51482,2026-07-26T20:21:21.767224382+00:00,2026-07-26T20:22:45.984252859+00:00,0,cpu-q-188,3D_task,2a509747a004965ee75f6c8457436b9cd4d57a06
euler,32176122_0,32176122,0,32176122_0/cpu_openmp/cpu_openmp_hll.csv,1,cpu_openmp,blast_wave,hll,2,2,3,repository_default_openmp,76,0,1000,1000,1000000,4653,84.6553,54.96,55.0,84.787313664,6386.34,0.77,7536%,570500,52,4568,1068,52747,2026-07-26T20:22:46.030255124+00:00,2026-07-26T20:24:10.820808082+00:00,0,cpu-q-188,3D_task,2a509747a004965ee75f6c8457436b9cd4d57a06
euler,32176122_0,32176122,0,32176122_0/cpu_openmp/cpu_openmp_hll.csv,1,cpu_openmp,blast_wave,hll,2,3,3,repository_default_openmp,76,0,1000,1000,1000000,4653,84.4235,55.11,55.1,84.561471488,6369.87,0.86,7537%,570240,5,4633,713,54266,2026-07-26T20:24:10.867588180+00:00,2026-07-26T20:25:35.432119654+00:00,0,cpu-q-188,3D_task,2a509747a004965ee75f6c8457436b9cd4d57a06
euler,32130915_0,32130915,0,32130915_0/cpu_openmp/cpu_openmp_hll.csv,0,cpu_openmp,blast_wave,hll,4,1,1,repository_default_openmp,76,0,2000,2000,4000000,9508,812.2644,11.71,46.8,812.672632576,61323.84,6.31,7547%,2261940,8,5275,5709,479008,2026-07-26T07:25:33.119099077+00:00,2026-07-26T07:39:05.804071107+00:00,0,cpu-q-548,3D_task,ee703c05c778624ac02c2bfe2f3ff2a84338c804
euler,32176122_0,32176122,0,32176122_0/cpu_openmp/cpu_openmp_hll.csv,1,cpu_openmp,blast_wave,hll,4,1,1,repository_default_openmp,76,0,2000,2000,4000000,9508,794.6098,11.97,47.9,795.023109376,60024.54,5.48,7551%,2262744,46,5239,43448,445984,2026-07-26T20:40:02.968647250+00:00,2026-07-26T20:53:17.995027814+00:00,0,cpu-q-188,3D_task,2a509747a004965ee75f6c8457436b9cd4d57a06
euler,32130915_0,32130915,0,32130915_0/cpu_openmp/cpu_openmp_hll.csv,0,cpu_openmp,blast_wave,hll,8,1,1,repository_default_openmp,76,0,4000,4000,16000000,19350,6896.9489,2.81,44.9,6898.581359616,482024.56,114.82,6989%,9020156,278,9489,6628166,2684688,2026-07-26T09:51:01.368066272+00:00,2026-07-26T11:45:59.961908279+00:00,0,cpu-q-548,3D_task,ee703c05c778624ac02c2bfe2f3ff2a84338c804
euler,32145291_1,32145291,1,32145291_1/cpu_openmp/cpu_openmp_hllc.csv,0,cpu_openmp,blast_wave,hllc,1,1,3,repository_default_openmp,76,0,500,500,250000,2334,6.8387,341.29,85.3,6.943417344,515.21,0.27,7483%,146664,59,4432,206,4268,2026-07-26T11:51:25.650261969+00:00,2026-07-26T11:51:32.606103928+00:00,0,cpu-q-548,3D_task,2430cd15090dffeafaf425880c476286841d434c
euler,32145291_1,32145291,1,32145291_1/cpu_openmp/cpu_openmp_hllc.csv,0,cpu_openmp,blast_wave,hllc,1,2,3,repository_default_openmp,76,0,500,500,250000,2334,6.8561,340.43,85.1,6.928186112,515.02,0.25,7459%,146672,5,5024,386,4722,2026-07-26T11:51:32.778531550+00:00,2026-07-26T11:51:39.715316322+00:00,0,cpu-q-548,3D_task,2430cd15090dffeafaf425880c476286841d434c
euler,32145291_1,32145291,1,32145291_1/cpu_openmp/cpu_openmp_hllc.csv,0,cpu_openmp,blast_wave,hllc,1,3,3,repository_default_openmp,76,0,500,500,250000,2334,6.9618,335.26,83.8,7.036075264,524.48,0.15,7480%,146604,52,4444,212,4632,2026-07-26T11:51:39.872003344+00:00,2026-07-26T11:51:46.916791453+00:00,0,cpu-q-548,3D_task,2430cd15090dffeafaf425880c476286841d434c
euler,32178282_1,32178282,1,32178282_1/cpu_openmp/cpu_openmp_hllc.csv,1,cpu_openmp,blast_wave,hllc,1,1,3,repository_default_openmp,76,0,500,500,250000,2334,5.2561,444.06,111.0,5.322605312,397.35,0.05,7523%,146600,25,4541,114,3078,2026-07-26T20:55:37.104816306+00:00,2026-07-26T20:55:42.430573213+00:00,0,cpu-q-110,3D_task,2a509747a004965ee75f6c8457436b9cd4d57a06
euler,32178282_1,32178282,1,32178282_1/cpu_openmp/cpu_openmp_hllc.csv,1,cpu_openmp,blast_wave,hllc,1,2,3,repository_default_openmp,76,0,500,500,250000,2334,5.0306,463.96,116.0,5.071534592,380.06,0.21,7518%,146932,41,5065,134,3296,2026-07-26T20:55:42.477044951+00:00,2026-07-26T20:55:47.551752583+00:00,0,cpu-q-110,3D_task,2a509747a004965ee75f6c8457436b9cd4d57a06
euler,32178282_1,32178282,1,32178282_1/cpu_openmp/cpu_openmp_hllc.csv,1,cpu_openmp,blast_wave,hllc,1,3,3,repository_default_openmp,76,0,500,500,250000,2334,5.3303,437.88,109.5,5.375397120,402.58,0.08,7516%,146788,23,4519,340,3873,2026-07-26T20:55:47.598379537+00:00,2026-07-26T20:55:52.977091627+00:00,0,cpu-q-110,3D_task,2a509747a004965ee75f6c8457436b9cd4d57a06
euler,32145291_1,32145291,1,32145291_1/cpu_openmp/cpu_openmp_hllc.csv,0,cpu_openmp,blast_wave,hllc,2,1,3,repository_default_openmp,76,0,1000,1000,1000000,4766,90.8133,52.48,52.5,90.983741184,6844.79,1.10,7527%,570312,49,5160,1879,57247,2026-07-26T11:55:31.892717049+00:00,2026-07-26T11:57:02.888974416+00:00,0,cpu-q-548,3D_task,2430cd15090dffeafaf425880c476286841d434c
euler,32145291_1,32145291,1,32145291_1/cpu_openmp/cpu_openmp_hllc.csv,0,cpu_openmp,blast_wave,hllc,2,2,3,repository_default_openmp,76,0,1000,1000,1000000,4766,90.6275,52.59,52.6,90.800866304,6837.35,1.18,7535%,570488,62,4563,895,56033,2026-07-26T11:57:03.063726103+00:00,2026-07-26T11:58:33.877102251+00:00,0,cpu-q-548,3D_task,2430cd15090dffeafaf425880c476286841d434c
euler,32145291_1,32145291,1,32145291_1/cpu_openmp/cpu_openmp_hllc.csv,0,cpu_openmp,blast_wave,hllc,2,3,3,repository_default_openmp,76,0,1000,1000,1000000,4766,90.4412,52.70,52.7,90.622181632,6823.52,1.04,7535%,570284,51,4583,1188,56053,2026-07-26T11:58:34.046651426+00:00,2026-07-26T12:00:04.681104955+00:00,0,cpu-q-548,3D_task,2430cd15090dffeafaf425880c476286841d434c
euler,32178282_1,32178282,1,32178282_1/cpu_openmp/cpu_openmp_hllc.csv,1,cpu_openmp,blast_wave,hllc,2,1,3,repository_default_openmp,76,0,1000,1000,1000000,4766,86.6112,55.03,55.0,86.741239808,6531.61,1.20,7534%,570432,30,4627,906,55234,2026-07-26T20:58:52.285849854+00:00,2026-07-26T21:00:19.030201323+00:00,0,cpu-q-110,3D_task,2a509747a004965ee75f6c8457436b9cd4d57a06
euler,32178282_1,32178282,1,32178282_1/cpu_openmp/cpu_openmp_hllc.csv,1,cpu_openmp,blast_wave,hllc,2,2,3,repository_default_openmp,76,0,1000,1000,1000000,4766,86.1640,55.31,55.3,86.291383552,6498.50,1.28,7535%,570464,57,4586,1148,55298,2026-07-26T21:00:19.075517300+00:00,2026-07-26T21:01:45.370079563+00:00,0,cpu-q-110,3D_task,2a509747a004965ee75f6c8457436b9cd4d57a06
euler,32178282_1,32178282,1,32178282_1/cpu_openmp/cpu_openmp_hllc.csv,1,cpu_openmp,blast_wave,hllc,2,3,3,repository_default_openmp,76,0,1000,1000,1000000,4766,86.8590,54.87,54.9,87.026773760,6550.24,1.14,7534%,570308,28,4622,1019,53197,2026-07-26T21:01:45.417866737+00:00,2026-07-26T21:03:12.447821772+00:00,0,cpu-q-110,3D_task,2a509747a004965ee75f6c8457436b9cd4d57a06
euler,32145291_1,32145291,1,32145291_1/cpu_openmp/cpu_openmp_hllc.csv,0,cpu_openmp,blast_wave,hllc,4,1,1,repository_default_openmp,76,0,2000,2000,4000000,9751,851.6473,11.45,45.8,852.079297792,64295.12,6.87,7547%,2262752,62,5229,6668,491649,2026-07-26T12:15:51.105796955+00:00,2026-07-26T12:30:03.197658241+00:00,0,cpu-q-548,3D_task,2430cd15090dffeafaf425880c476286841d434c
euler,32178282_1,32178282,1,32178282_1/cpu_openmp/cpu_openmp_hllc.csv,1,cpu_openmp,blast_wave,hllc,4,1,1,repository_default_openmp,76,0,2000,2000,4000000,9751,821.5223,11.87,47.5,821.915976192,62040.46,7.84,7549%,2263500,49,5760,46069,476522,2026-07-26T21:18:30.783172351+00:00,2026-07-26T21:32:12.702182680+00:00,0,cpu-q-110,3D_task,2a509747a004965ee75f6c8457436b9cd4d57a06
euler,32165882_2,32165882,2,32165882_2/cpu_openmp/cpu_openmp_hlld.csv,0,cpu_openmp,blast_wave,hlld,1,1,3,repository_default_openmp,76,0,500,500,250000,2334,5.3381,437.23,109.3,5.421021696,403.44,0.12,7523%,146632,71,4673,184,3390,2026-07-26T16:03:59.223710543+00:00,2026-07-26T16:04:04.648129832+00:00,0,cpu-q-477,3D_task,2430cd15090dffeafaf425880c476286841d434c
euler,32165882_2,32165882,2,32165882_2/cpu_openmp/cpu_openmp_hlld.csv,0,cpu_openmp,blast_wave,hlld,1,2,3,repository_default_openmp,76,0,500,500,250000,2334,5.5260,422.37,105.6,5.573600000,417.73,0.05,7523%,146664,58,4528,176,3642,2026-07-26T16:04:04.692969332+00:00,2026-07-26T16:04:10.269945398+00:00,0,cpu-q-477,3D_task,2430cd15090dffeafaf425880c476286841d434c
euler,32165882_2,32165882,2,32165882_2/cpu_openmp/cpu_openmp_hlld.csv,0,cpu_openmp,blast_wave,hlld,1,3,3,repository_default_openmp,76,0,500,500,250000,2334,5.3771,434.06,108.5,5.410456832,406.08,0.20,7518%,146728,77,5078,411,3880,2026-07-26T16:04:10.318131015+00:00,2026-07-26T16:04:15.731951765+00:00,0,cpu-q-477,3D_task,2430cd15090dffeafaf425880c476286841d434c
euler,32181076_2,32181076,2,32181076_2/cpu_openmp/cpu_openmp_hlld.csv,1,cpu_openmp,blast_wave,hlld,1,1,3,repository_default_openmp,76,0,500,500,250000,2334,5.4347,429.47,107.4,5.484700928,410.89,0.19,7531%,146608,83,4610,183,3146,2026-07-26T21:37:47.204991323+00:00,2026-07-26T21:37:52.693033098+00:00,0,cpu-q-620,3D_task,2a509747a004965ee75f6c8457436b9cd4d57a06
euler,32181076_2,32181076,2,32181076_2/cpu_openmp/cpu_openmp_hlld.csv,1,cpu_openmp,blast_wave,hlld,1,2,3,repository_default_openmp,76,0,500,500,250000,2334,5.2798,442.07,110.5,5.351509248,398.97,0.19,7525%,146760,73,5040,336,3888,2026-07-26T21:37:52.740089852+00:00,2026-07-26T21:37:58.094841044+00:00,0,cpu-q-620,3D_task,2a509747a004965ee75f6c8457436b9cd4d57a06
euler,32181076_2,32181076,2,32181076_2/cpu_openmp/cpu_openmp_hlld.csv,1,cpu_openmp,blast_wave,hlld,1,3,3,repository_default_openmp,76,0,500,500,250000,2334,5.5128,423.38,105.8,5.557436160,416.94,0.07,7530%,148936,48,5254,150,3598,2026-07-26T21:37:58.140065512+00:00,2026-07-26T21:38:03.700614767+00:00,0,cpu-q-620,3D_task,2a509747a004965ee75f6c8457436b9cd4d57a06
euler,32165882_2,32165882,2,32165882_2/cpu_openmp/cpu_openmp_hlld.csv,0,cpu_openmp,blast_wave,hlld,2,1,3,repository_default_openmp,76,0,1000,1000,1000000,4765,86.5450,55.06,55.1,86.669164800,6527.47,1.14,7535%,570500,105,4607,811,55300,2026-07-26T16:07:24.093740826+00:00,2026-07-26T16:08:50.766231789+00:00,0,cpu-q-477,3D_task,2430cd15090dffeafaf425880c476286841d434c
euler,32165882_2,32165882,2,32165882_2/cpu_openmp/cpu_openmp_hlld.csv,0,cpu_openmp,blast_wave,hlld,2,2,3,repository_default_openmp,76,0,1000,1000,1000000,4765,86.6622,54.98,55.0,86.781704192,6535.84,1.09,7534%,570364,83,5196,1062,52408,2026-07-26T16:08:50.813394786+00:00,2026-07-26T16:10:17.598176352+00:00,0,cpu-q-477,3D_task,2430cd15090dffeafaf425880c476286841d434c
euler,32165882_2,32165882,2,32165882_2/cpu_openmp/cpu_openmp_hlld.csv,0,cpu_openmp,blast_wave,hlld,2,3,3,repository_default_openmp,76,0,1000,1000,1000000,4765,86.4354,55.13,55.1,86.562198784,6518.07,1.10,7534%,570236,68,4668,1267,53551,2026-07-26T16:10:17.645175058+00:00,2026-07-26T16:11:44.210442889+00:00,0,cpu-q-477,3D_task,2430cd15090dffeafaf425880c476286841d434c
euler,32181076_2,32181076,2,32181076_2/cpu_openmp/cpu_openmp_hlld.csv,1,cpu_openmp,blast_wave,hlld,2,1,3,repository_default_openmp,76,0,1000,1000,1000000,4765,89.6809,53.13,53.1,89.792542720,6767.50,0.99,7540%,570460,98,5153,1176,52743,2026-07-26T21:41:12.985510402+00:00,2026-07-26T21:42:42.781227490+00:00,0,cpu-q-620,3D_task,2a509747a004965ee75f6c8457436b9cd4d57a06
euler,32181076_2,32181076,2,32181076_2/cpu_openmp/cpu_openmp_hlld.csv,1,cpu_openmp,blast_wave,hlld,2,2,3,repository_default_openmp,76,0,1000,1000,1000000,4765,89.4382,53.28,53.3,89.551200512,6749.45,1.05,7540%,570416,102,5138,1070,55404,2026-07-26T21:42:42.828443910+00:00,2026-07-26T21:44:12.382737367+00:00,0,cpu-q-620,3D_task,2a509747a004965ee75f6c8457436b9cd4d57a06
euler,32181076_2,32181076,2,32181076_2/cpu_openmp/cpu_openmp_hlld.csv,1,cpu_openmp,blast_wave,hlld,2,3,3,repository_default_openmp,76,0,1000,1000,1000000,4765,90.0578,52.91,52.9,90.188108544,6796.38,1.00,7540%,570496,110,4618,1039,52750,2026-07-26T21:44:12.430478316+00:00,2026-07-26T21:45:42.621662590+00:00,0,cpu-q-620,3D_task,2a509747a004965ee75f6c8457436b9cd4d57a06
euler,32165882_2,32165882,2,32165882_2/cpu_openmp/cpu_openmp_hlld.csv,0,cpu_openmp,blast_wave,hlld,4,1,1,repository_default_openmp,76,0,2000,2000,4000000,9751,814.2803,11.97,47.9,814.677070080,61490.50,6.37,7548%,2263188,72,5824,41024,461258,2026-07-26T16:26:58.481841048+00:00,2026-07-26T16:40:33.162137449+00:00,0,cpu-q-477,3D_task,2430cd15090dffeafaf425880c476286841d434c
euler,32181076_2,32181076,2,32181076_2/cpu_openmp/cpu_openmp_hlld.csv,1,cpu_openmp,blast_wave,hlld,4,1,1,repository_default_openmp,76,0,2000,2000,4000000,9751,815.3188,11.96,47.8,815.691119104,61557.98,5.52,7547%,2262980,89,5293,129459,468462,2026-07-26T22:01:05.144267310+00:00,2026-07-26T22:14:40.838429739+00:00,0,cpu-q-620,3D_task,2a509747a004965ee75f6c8457436b9cd4d57a06
euler,32169902_3,32169902,3,32169902_3/cpu_openmp/cpu_openmp_force.csv,1,cpu_openmp,shock_bubble,force,1,1,3,repository_default_openmp,76,0,500,197,98500,6544,8.0374,814.19,80.2,8.077875200,608.79,0.19,7560%,61184,41,4544,161,5389,2026-07-26T22:19:09.475631375+00:00,2026-07-26T22:19:17.556492157+00:00,0,cpu-q-523,3D_task,2a509747a004965ee75f6c8457436b9cd4d57a06
euler,32169902_3,32169902,3,32169902_3/cpu_openmp/cpu_openmp_force.csv,1,cpu_openmp,shock_bubble,force,1,2,3,repository_default_openmp,76,0,500,197,98500,6544,8.1804,799.96,78.8,8.221471232,619.71,0.15,7566%,63224,34,4531,295,5580,2026-07-26T22:19:18.481600803+00:00,2026-07-26T22:19:26.706259572+00:00,0,cpu-q-523,3D_task,2a509747a004965ee75f6c8457436b9cd4d57a06
euler,32169902_3,32169902,3,32169902_3/cpu_openmp/cpu_openmp_force.csv,1,cpu_openmp,shock_bubble,force,1,3,3,repository_default_openmp,76,0,500,197,98500,6544,8.1363,804.30,79.2,8.191318016,616.68,0.07,7569%,60880,55,5017,155,5370,2026-07-26T22:19:26.753289978+00:00,2026-07-26T22:19:34.947814760+00:00,0,cpu-q-523,3D_task,2a509747a004965ee75f6c8457436b9cd4d57a06
euler,32169902_3,32169902,3,32169902_3/cpu_openmp/cpu_openmp_force.csv,1,cpu_openmp,shock_bubble,force,2,1,3,repository_default_openmp,76,0,1000,394,394000,13721,56.1870,244.20,96.2,56.279604992,4246.99,0.59,7554%,228596,29,5035,550,36844,2026-07-26T22:19:50.525456027+00:00,2026-07-26T22:20:46.808322902+00:00,0,cpu-q-523,3D_task,2a509747a004965ee75f6c8457436b9cd4d57a06
euler,32169902_3,32169902,3,32169902_3/cpu_openmp/cpu_openmp_force.csv,1,cpu_openmp,shock_bubble,force,2,2,3,repository_default_openmp,76,0,1000,394,394000,13721,55.4736,247.34,97.5,55.528605440,4193.56,0.54,7555%,228600,37,4478,603,35680,2026-07-26T22:20:46.852886148+00:00,2026-07-26T22:21:42.384821399+00:00,0,cpu-q-523,3D_task,2a509747a004965ee75f6c8457436b9cd4d57a06
euler,32169902_3,32169902,3,32169902_3/cpu_openmp/cpu_openmp_force.csv,1,cpu_openmp,shock_bubble,force,2,3,3,repository_default_openmp,76,0,1000,394,394000,13721,57.4107,239.00,94.2,57.485607424,4340.03,0.67,7555%,230244,57,4451,691,36445,2026-07-26T22:21:42.431898388+00:00,2026-07-26T22:22:39.920604857+00:00,0,cpu-q-523,3D_task,2a509747a004965ee75f6c8457436b9cd4d57a06
euler,32169902_3,32169902,3,32169902_3/cpu_openmp/cpu_openmp_force.csv,1,cpu_openmp,shock_bubble,force,4,1,1,repository_default_openmp,76,0,2000,788,1576000,28435,886.4814,32.08,50.6,886.658148608,66931.28,9.63,7550%,897208,78,4653,7931,558588,2026-07-26T22:26:56.367344837+00:00,2026-07-26T22:41:43.028607010+00:00,0,cpu-q-523,3D_task,2a509747a004965ee75f6c8457436b9cd4d57a06
euler,32130915_0,32130915,0,32130915_0/cpu_openmp/cpu_openmp_hll.csv,0,cpu_openmp,shock_bubble,hll,1,1,3,repository_default_openmp,76,0,500,197,98500,6294,8.3958,749.66,73.8,8.477550848,635.52,0.13,7527%,61176,32,4487,78,4613,2026-07-26T07:02:28.613519477+00:00,2026-07-26T07:02:37.100059416+00:00,0,cpu-q-548,3D_task,ee703c05c778624ac02c2bfe2f3ff2a84338c804
euler,32130915_0,32130915,0,32130915_0/cpu_openmp/cpu_openmp_hll.csv,0,cpu_openmp,shock_bubble,hll,1,2,3,repository_default_openmp,76,0,500,197,98500,6294,8.2914,759.10,74.8,8.339554304,627.34,0.12,7540%,61284,12,4494,167,4678,2026-07-26T07:02:38.118834552+00:00,2026-07-26T07:02:46.466953320+00:00,0,cpu-q-548,3D_task,ee703c05c778624ac02c2bfe2f3ff2a84338c804
euler,32130915_0,32130915,0,32130915_0/cpu_openmp/cpu_openmp_hll.csv,0,cpu_openmp,shock_bubble,hll,1,3,3,repository_default_openmp,76,0,500,197,98500,6294,8.6476,727.83,71.7,8.712372224,654.85,0.16,7547%,60976,19,4998,24,3607,2026-07-26T07:02:46.626854876+00:00,2026-07-26T07:02:55.349151892+00:00,0,cpu-q-548,3D_task,ee703c05c778624ac02c2bfe2f3ff2a84338c804
euler,32176122_0,32176122,0,32176122_0/cpu_openmp/cpu_openmp_hll.csv,1,cpu_openmp,shock_bubble,hll,1,1,3,repository_default_openmp,76,0,500,197,98500,6294,7.3160,860.31,84.7,7.375623168,554.23,0.14,7559%,61256,5,4510,116,4947,2026-07-26T20:18:18.474396717+00:00,2026-07-26T20:18:25.852806061+00:00,0,cpu-q-188,3D_task,2a509747a004965ee75f6c8457436b9cd4d57a06
euler,32176122_0,32176122,0,32176122_0/cpu_openmp/cpu_openmp_hll.csv,1,cpu_openmp,shock_bubble,hll,1,2,3,repository_default_openmp,76,0,500,197,98500,6294,7.3345,858.13,84.5,7.380373760,555.73,0.08,7565%,60960,19,5024,104,4861,2026-07-26T20:18:26.954592784+00:00,2026-07-26T20:18:34.338006091+00:00,0,cpu-q-188,3D_task,2a509747a004965ee75f6c8457436b9cd4d57a06
euler,32176122_0,32176122,0,32176122_0/cpu_openmp/cpu_openmp_hll.csv,1,cpu_openmp,shock_bubble,hll,1,3,3,repository_default_openmp,76,0,500,197,98500,6294,7.0498,892.79,87.9,7.092224256,534.08,0.07,7563%,63020,48,4985,152,4480,2026-07-26T20:18:34.383925204+00:00,2026-07-26T20:18:41.479236637+00:00,0,cpu-q-188,3D_task,2a509747a004965ee75f6c8457436b9cd4d57a06
euler,32130915_0,32130915,0,32130915_0/cpu_openmp/cpu_openmp_hll.csv,0,cpu_openmp,shock_bubble,hll,2,1,3,repository_default_openmp,76,0,1000,394,394000,13399,57.7486,232.02,91.4,57.888460288,4361.49,0.70,7544%,228680,3,4980,390,36245,2026-07-26T07:03:14.286075742+00:00,2026-07-26T07:04:12.186985930+00:00,0,cpu-q-548,3D_task,ee703c05c778624ac02c2bfe2f3ff2a84338c804
euler,32130915_0,32130915,0,32130915_0/cpu_openmp/cpu_openmp_hll.csv,0,cpu_openmp,shock_bubble,hll,2,2,3,repository_default_openmp,76,0,1000,394,394000,13399,57.7703,231.94,91.4,57.869142528,4362.55,0.56,7543%,230044,8,4466,535,36743,2026-07-26T07:04:12.355306966+00:00,2026-07-26T07:05:10.234633586+00:00,0,cpu-q-548,3D_task,ee703c05c778624ac02c2bfe2f3ff2a84338c804
euler,32130915_0,32130915,0,32130915_0/cpu_openmp/cpu_openmp_hll.csv,0,cpu_openmp,shock_bubble,hll,2,3,3,repository_default_openmp,76,0,1000,394,394000,13399,58.3511,229.63,90.5,58.466028288,4405.88,0.69,7543%,230048,16,4456,375,36494,2026-07-26T07:05:10.404456718+00:00,2026-07-26T07:06:08.882491009+00:00,0,cpu-q-548,3D_task,ee703c05c778624ac02c2bfe2f3ff2a84338c804
euler,32176122_0,32176122,0,32176122_0/cpu_openmp/cpu_openmp_hll.csv,1,cpu_openmp,shock_bubble,hll,2,1,3,repository_default_openmp,76,0,1000,394,394000,13399,49.0053,273.42,107.7,49.065168640,3704.41,0.48,7553%,228568,31,4465,353,31273,2026-07-26T20:18:54.918293763+00:00,2026-07-26T20:19:43.986770705+00:00,0,cpu-q-188,3D_task,2a509747a004965ee75f6c8457436b9cd4d57a06
euler,32176122_0,32176122,0,32176122_0/cpu_openmp/cpu_openmp_hll.csv,1,cpu_openmp,shock_bubble,hll,2,2,3,repository_default_openmp,76,0,1000,394,394000,13399,48.5753,275.84,108.7,48.639906560,3669.98,0.50,7549%,228628,30,4471,656,29778,2026-07-26T20:19:44.034200628+00:00,2026-07-26T20:20:32.677503066+00:00,0,cpu-q-188,3D_task,2a509747a004965ee75f6c8457436b9cd4d57a06
euler,32176122_0,32176122,0,32176122_0/cpu_openmp/cpu_openmp_hll.csv,1,cpu_openmp,shock_bubble,hll,2,3,3,repository_default_openmp,76,0,1000,394,394000,13399,48.9224,273.88,107.9,48.992303360,3696.63,0.45,7550%,228548,32,4962,591,31855,2026-07-26T20:20:32.725608742+00:00,2026-07-26T20:21:21.721030386+00:00,0,cpu-q-188,3D_task,2a509747a004965ee75f6c8457436b9cd4d57a06
euler,32130915_0,32130915,0,32130915_0/cpu_openmp/cpu_openmp_hll.csv,0,cpu_openmp,shock_bubble,hll,4,1,1,repository_default_openmp,76,0,2000,788,1576000,27879,895.4619,31.13,49.1,895.675620352,67588.79,7.91,7547%,896400,21,4693,7300,546785,2026-07-26T07:10:37.257207627+00:00,2026-07-26T07:25:32.945346015+00:00,0,cpu-q-548,3D_task,ee703c05c778624ac02c2bfe2f3ff2a84338c804
euler,32176122_0,32176122,0,32176122_0/cpu_openmp/cpu_openmp_hll.csv,1,cpu_openmp,shock_bubble,hll,4,1,1,repository_default_openmp,76,0,2000,788,1576000,27879,867.2627,32.15,50.7,867.441280768,65497.81,6.72,7551%,897204,4,5229,7317,544384,2026-07-26T20:25:35.477921167+00:00,2026-07-26T20:40:02.922294051+00:00,0,cpu-q-188,3D_task,2a509747a004965ee75f6c8457436b9cd4d57a06
euler,32130915_0,32130915,0,32130915_0/cpu_openmp/cpu_openmp_hll.csv,0,cpu_openmp,shock_bubble,hll,8,1,1,repository_default_openmp,76,0,4000,1576,6304000,57592,7913.4092,7.28,45.9,7914.071919872,590903.20,110.66,7468%,3561588,377,6317,4434302,4213151,2026-07-26T07:39:05.957434180+00:00,2026-07-26T09:51:00.041829031+00:00,0,cpu-q-548,3D_task,ee703c05c778624ac02c2bfe2f3ff2a84338c804
euler,32145291_1,32145291,1,32145291_1/cpu_openmp/cpu_openmp_hllc.csv,0,cpu_openmp,shock_bubble,hllc,1,1,3,repository_default_openmp,76,0,500,197,98500,7008,10.1405,691.09,68.1,10.230050048,767.49,0.21,7548%,61024,32,5073,55,4646,2026-07-26T11:50:53.437593727+00:00,2026-07-26T11:51:03.678172460+00:00,0,cpu-q-548,3D_task,2430cd15090dffeafaf425880c476286841d434c
euler,32145291_1,32145291,1,32145291_1/cpu_openmp/cpu_openmp_hllc.csv,0,cpu_openmp,shock_bubble,hllc,1,2,3,repository_default_openmp,76,0,500,197,98500,7008,10.1092,693.23,68.3,10.176649216,765.21,0.23,7551%,61136,21,4572,27,6979,2026-07-26T11:51:04.845008610+00:00,2026-07-26T11:51:15.032492836+00:00,0,cpu-q-548,3D_task,2430cd15090dffeafaf425880c476286841d434c
euler,32145291_1,32145291,1,32145291_1/cpu_openmp/cpu_openmp_hllc.csv,0,cpu_openmp,shock_bubble,hllc,1,3,3,repository_default_openmp,76,0,500,197,98500,7008,10.2239,685.45,67.5,10.277564672,774.02,0.10,7552%,61212,19,4571,37,5534,2026-07-26T11:51:15.202489407+00:00,2026-07-26T11:51:25.488773469+00:00,0,cpu-q-548,3D_task,2430cd15090dffeafaf425880c476286841d434c
euler,32178282_1,32178282,1,32178282_1/cpu_openmp/cpu_openmp_hllc.csv,1,cpu_openmp,shock_bubble,hllc,1,1,3,repository_default_openmp,76,0,500,197,98500,7008,8.9002,787.40,77.6,8.932973824,674.57,0.08,7569%,61264,62,4530,155,4139,2026-07-26T20:55:09.493542508+00:00,2026-07-26T20:55:18.429821608+00:00,0,cpu-q-110,3D_task,2a509747a004965ee75f6c8457436b9cd4d57a06
euler,32178282_1,32178282,1,32178282_1/cpu_openmp/cpu_openmp_hllc.csv,1,cpu_openmp,shock_bubble,hllc,1,2,3,repository_default_openmp,76,0,500,197,98500,7008,8.5607,818.63,80.6,8.593635072,648.45,0.22,7565%,61264,76,4513,395,6003,2026-07-26T20:55:19.591405060+00:00,2026-07-26T20:55:28.188274195+00:00,0,cpu-q-110,3D_task,2a509747a004965ee75f6c8457436b9cd4d57a06
euler,32178282_1,32178282,1,32178282_1/cpu_openmp/cpu_openmp_hllc.csv,1,cpu_openmp,shock_bubble,hllc,1,3,3,repository_default_openmp,76,0,500,197,98500,7008,8.7771,798.44,78.6,8.820005376,665.18,0.08,7568%,60936,68,5033,160,5876,2026-07-26T20:55:28.234673695+00:00,2026-07-26T20:55:37.057868934+00:00,0,cpu-q-110,3D_task,2a509747a004965ee75f6c8457436b9cd4d57a06
euler,32145291_1,32145291,1,32145291_1/cpu_openmp/cpu_openmp_hllc.csv,0,cpu_openmp,shock_bubble,hllc,2,1,3,repository_default_openmp,76,0,1000,394,394000,14399,74.8963,192.25,75.7,75.010361344,5658.11,0.77,7548%,228696,62,4929,681,47145,2026-07-26T11:51:47.078899192+00:00,2026-07-26T11:53:02.101868497+00:00,0,cpu-q-548,3D_task,2430cd15090dffeafaf425880c476286841d434c
euler,32145291_1,32145291,1,32145291_1/cpu_openmp/cpu_openmp_hllc.csv,0,cpu_openmp,shock_bubble,hllc,2,2,3,repository_default_openmp,76,0,1000,394,394000,14399,75.7771,190.02,74.9,75.925050880,5724.15,0.81,7548%,228624,18,4524,630,48105,2026-07-26T11:53:02.274742381+00:00,2026-07-26T11:54:18.212194219+00:00,0,cpu-q-548,3D_task,2430cd15090dffeafaf425880c476286841d434c
euler,32145291_1,32145291,1,32145291_1/cpu_openmp/cpu_openmp_hllc.csv,0,cpu_openmp,shock_bubble,hllc,2,3,3,repository_default_openmp,76,0,1000,394,394000,14399,73.1370,196.88,77.6,73.324015360,5525.09,0.80,7548%,228480,54,4424,535,43521,2026-07-26T11:54:18.384334818+00:00,2026-07-26T11:55:31.721203434+00:00,0,cpu-q-548,3D_task,2430cd15090dffeafaf425880c476286841d434c
euler,32178282_1,32178282,1,32178282_1/cpu_openmp/cpu_openmp_hllc.csv,1,cpu_openmp,shock_bubble,hllc,2,1,3,repository_default_openmp,76,0,1000,394,394000,14399,58.4517,246.34,97.1,58.524888320,4412.35,0.70,7544%,228608,31,4575,1563,38615,2026-07-26T20:55:53.025084674+00:00,2026-07-26T20:56:51.553205487+00:00,0,cpu-q-110,3D_task,2a509747a004965ee75f6c8457436b9cd4d57a06
euler,32178282_1,32178282,1,32178282_1/cpu_openmp/cpu_openmp_hllc.csv,1,cpu_openmp,shock_bubble,hllc,2,2,3,repository_default_openmp,76,0,1000,394,394000,14399,61.2984,234.90,92.6,61.368956160,4633.27,0.74,7554%,228672,39,4976,556,39734,2026-07-26T20:56:51.600458394+00:00,2026-07-26T20:57:52.972711277+00:00,0,cpu-q-110,3D_task,2a509747a004965ee75f6c8457436b9cd4d57a06
euler,32178282_1,32178282,1,32178282_1/cpu_openmp/cpu_openmp_hllc.csv,1,cpu_openmp,shock_bubble,hllc,2,3,3,repository_default_openmp,76,0,1000,394,394000,14399,59.1435,243.46,95.9,59.213675264,4469.64,0.72,7553%,229216,24,4498,689,38640,2026-07-26T20:57:53.020582624+00:00,2026-07-26T20:58:52.237416960+00:00,0,cpu-q-110,3D_task,2a509747a004965ee75f6c8457436b9cd4d57a06
euler,32145291_1,32145291,1,32145291_1/cpu_openmp/cpu_openmp_hllc.csv,0,cpu_openmp,shock_bubble,hllc,4,1,1,repository_default_openmp,76,0,2000,788,1576000,29288,945.8559,30.96,48.8,946.069114368,71326.04,9.21,7540%,896824,0,4730,19461,585568,2026-07-26T12:00:04.857565008+00:00,2026-07-26T12:15:50.938794804+00:00,0,cpu-q-548,3D_task,2430cd15090dffeafaf425880c476286841d434c
euler,32178282_1,32178282,1,32178282_1/cpu_openmp/cpu_openmp_hllc.csv,1,cpu_openmp,shock_bubble,hllc,4,1,1,repository_default_openmp,76,0,2000,788,1576000,29288,918.0579,31.90,50.3,918.239932416,69307.36,11.24,7549%,897972,32,5777,7526,586401,2026-07-26T21:03:12.494588388+00:00,2026-07-26T21:18:30.737523186+00:00,0,cpu-q-110,3D_task,2a509747a004965ee75f6c8457436b9cd4d57a06
euler,32145291_1,32145291,1,32145291_1/cpu_openmp/cpu_openmp_hllc.csv,0,cpu_openmp,shock_bubble,hllc,8,1,1,repository_default_openmp,76,0,4000,1576,6304000,59222,8382.8404,7.06,44.5,8383.507255296,626199.69,121.31,7470%,3562404,378,7298,4553508,3483068,2026-07-26T12:30:03.359510317+00:00,2026-07-26T14:49:46.879250744+00:00,0,cpu-q-548,3D_task,2430cd15090dffeafaf425880c476286841d434c
euler,32165882_2,32165882,2,32165882_2/cpu_openmp/cpu_openmp_hlld.csv,0,cpu_openmp,shock_bubble,hlld,1,1,3,repository_default_openmp,76,0,500,197,98500,7008,9.0989,770.20,75.9,9.140021760,689.17,0.29,7560%,61136,45,4725,170,5905,2026-07-26T16:03:30.420525217+00:00,2026-07-26T16:03:39.563687012+00:00,0,cpu-q-477,3D_task,2430cd15090dffeafaf425880c476286841d434c
euler,32165882_2,32165882,2,32165882_2/cpu_openmp/cpu_openmp_hlld.csv,0,cpu_openmp,shock_bubble,hlld,1,2,3,repository_default_openmp,76,0,500,197,98500,7008,9.2933,754.09,74.3,9.342735872,704.05,0.23,7568%,61140,34,4747,265,6327,2026-07-26T16:03:40.448526068+00:00,2026-07-26T16:03:49.794180716+00:00,0,cpu-q-477,3D_task,2430cd15090dffeafaf425880c476286841d434c
euler,32165882_2,32165882,2,32165882_2/cpu_openmp/cpu_openmp_hlld.csv,0,cpu_openmp,shock_bubble,hlld,1,3,3,repository_default_openmp,76,0,500,197,98500,7008,9.2963,753.85,74.3,9.332941056,704.45,0.22,7569%,61208,94,4659,194,6341,2026-07-26T16:03:49.840957480+00:00,2026-07-26T16:03:59.176930687+00:00,0,cpu-q-477,3D_task,2430cd15090dffeafaf425880c476286841d434c
euler,32181076_2,32181076,2,32181076_2/cpu_openmp/cpu_openmp_hlld.csv,1,cpu_openmp,shock_bubble,hlld,1,1,3,repository_default_openmp,76,0,500,197,98500,7008,10.0725,695.76,68.5,10.120211456,763.06,0.16,7564%,61264,55,4631,348,6296,2026-07-26T21:37:16.533388828+00:00,2026-07-26T21:37:26.656584276+00:00,0,cpu-q-620,3D_task,2a509747a004965ee75f6c8457436b9cd4d57a06
euler,32181076_2,32181076,2,32181076_2/cpu_openmp/cpu_openmp_hlld.csv,1,cpu_openmp,shock_bubble,hlld,1,2,3,repository_default_openmp,76,0,500,197,98500,7008,9.7873,716.03,70.5,9.815498496,741.84,0.21,7572%,61084,71,4560,178,6266,2026-07-26T21:37:27.811059116+00:00,2026-07-26T21:37:37.629795871+00:00,0,cpu-q-620,3D_task,2a509747a004965ee75f6c8457436b9cd4d57a06
euler,32181076_2,32181076,2,32181076_2/cpu_openmp/cpu_openmp_hlld.csv,1,cpu_openmp,shock_bubble,hlld,1,3,3,repository_default_openmp,76,0,500,197,98500,7008,9.4033,745.27,73.4,9.477891584,712.75,0.15,7572%,63068,43,5227,130,6165,2026-07-26T21:37:37.678340038+00:00,2026-07-26T21:37:47.159500520+00:00,0,cpu-q-620,3D_task,2a509747a004965ee75f6c8457436b9cd4d57a06
euler,32165882_2,32165882,2,32165882_2/cpu_openmp/cpu_openmp_hlld.csv,0,cpu_openmp,shock_bubble,hlld,2,1,3,repository_default_openmp,76,0,1000,394,394000,14399,62.4105,230.71,90.9,62.567762432,4717.50,0.65,7554%,229084,62,4623,631,39849,2026-07-26T16:04:15.779651381+00:00,2026-07-26T16:05:18.350506601+00:00,0,cpu-q-477,3D_task,2430cd15090dffeafaf425880c476286841d434c
euler,32165882_2,32165882,2,32165882_2/cpu_openmp/cpu_openmp_hlld.csv,0,cpu_openmp,shock_bubble,hlld,2,2,3,repository_default_openmp,76,0,1000,394,394000,14399,62.0623,232.01,91.4,62.131890944,4690.87,0.62,7554%,230732,41,5161,746,39948,2026-07-26T16:05:18.396089675+00:00,2026-07-26T16:06:20.531240675+00:00,0,cpu-q-477,3D_task,2430cd15090dffeafaf425880c476286841d434c
euler,32165882_2,32165882,2,32165882_2/cpu_openmp/cpu_openmp_hlld.csv,0,cpu_openmp,shock_bubble,hlld,2,3,3,repository_default_openmp,76,0,1000,394,394000,14399,63.3889,227.15,89.5,63.464093184,4790.75,0.71,7553%,229432,64,5086,767,40307,2026-07-26T16:06:20.578408148+00:00,2026-07-26T16:07:24.045734245+00:00,0,cpu-q-477,3D_task,2430cd15090dffeafaf425880c476286841d434c
euler,32181076_2,32181076,2,32181076_2/cpu_openmp/cpu_openmp_hlld.csv,1,cpu_openmp,shock_bubble,hlld,2,1,3,repository_default_openmp,76,0,1000,394,394000,14399,63.7022,226.04,89.1,63.783206912,4816.94,0.59,7558%,228552,78,5118,860,40065,2026-07-26T21:38:03.748186026+00:00,2026-07-26T21:39:07.534685797+00:00,0,cpu-q-620,3D_task,2a509747a004965ee75f6c8457436b9cd4d57a06
euler,32181076_2,32181076,2,32181076_2/cpu_openmp/cpu_openmp_hlld.csv,1,cpu_openmp,shock_bubble,hlld,2,2,3,repository_default_openmp,76,0,1000,394,394000,14399,63.2652,227.60,89.7,63.330739968,4781.87,0.64,7555%,228416,51,4666,689,40392,2026-07-26T21:39:07.580419493+00:00,2026-07-26T21:40:10.914411058+00:00,0,cpu-q-620,3D_task,2a509747a004965ee75f6c8457436b9cd4d57a06
euler,32181076_2,32181076,2,32181076_2/cpu_openmp/cpu_openmp_hlld.csv,1,cpu_openmp,shock_bubble,hlld,2,3,3,repository_default_openmp,76,0,1000,394,394000,14399,61.9108,232.58,91.6,61.972664064,4680.79,0.65,7557%,229532,73,5086,862,39640,2026-07-26T21:40:10.962809881+00:00,2026-07-26T21:41:12.938562808+00:00,0,cpu-q-620,3D_task,2a509747a004965ee75f6c8457436b9cd4d57a06
euler,32165882_2,32165882,2,32165882_2/cpu_openmp/cpu_openmp_hlld.csv,0,cpu_openmp,shock_bubble,hlld,4,1,1,repository_default_openmp,76,0,2000,788,1576000,29288,913.9650,32.04,50.5,914.174465280,68993.71,9.00,7548%,896660,79,4799,9774,567499,2026-07-26T16:11:44.258137930+00:00,2026-07-26T16:26:58.435677948+00:00,0,cpu-q-477,3D_task,2430cd15090dffeafaf425880c476286841d434c
euler,32181076_2,32181076,2,32181076_2/cpu_openmp/cpu_openmp_hlld.csv,1,cpu_openmp,shock_bubble,hlld,4,1,1,repository_default_openmp,76,0,2000,788,1576000,29288,922.2647,31.76,50.0,922.428342528,69654.91,7.41,7552%,897688,67,5282,6846,567545,2026-07-26T21:45:42.667353119+00:00,2026-07-26T22:01:05.098630046+00:00,0,cpu-q-620,3D_task,2a509747a004965ee75f6c8457436b9cd4d57a06
euler,32195776_3,32195776,3,32195776_3/mpi/mpi_force.csv,1,mpi,blast_wave,force,1,1,3,repository_default_pure_mpi,1,76,500,500,250000,2300,6.1182,375.93,94.0,11.394124032,0.02,0.04,0%,10032,0,2661,224,152,2026-07-27T06:51:59.978974588+00:00,2026-07-27T06:52:11.376321605+00:00,0,cpu-q-237,3D_task,f7d9486442661c9e621b857ebd1be2bf088e5784
euler,32195776_3,32195776,3,32195776_3/mpi/mpi_force.csv,1,mpi,blast_wave,force,1,2,3,repository_default_pure_mpi,1,76,500,500,250000,2300,5.6907,404.17,101.0,10.713323008,0.01,0.03,0%,9984,0,2656,225,152,2026-07-27T06:52:11.420935746+00:00,2026-07-27T06:52:22.137355877+00:00,0,cpu-q-237,3D_task,f7d9486442661c9e621b857ebd1be2bf088e5784
euler,32195776_3,32195776,3,32195776_3/mpi/mpi_force.csv,1,mpi,blast_wave,force,1,3,3,repository_default_pure_mpi,1,76,500,500,250000,2300,6.0561,379.78,94.9,11.798227200,0.02,0.03,0%,10004,0,2649,211,152,2026-07-27T06:52:22.182391258+00:00,2026-07-27T06:52:33.983953148+00:00,0,cpu-q-237,3D_task,f7d9486442661c9e621b857ebd1be2bf088e5784
euler,32195776_3,32195776,3,32195776_3/mpi/mpi_force.csv,1,mpi,blast_wave,force,2,1,3,repository_default_pure_mpi,1,76,1000,1000,1000000,4697,55.3464,84.87,84.9,60.363109888,0.01,0.05,0%,10064,0,2611,228,152,2026-07-27T06:55:29.662859163+00:00,2026-07-27T06:56:30.029222445+00:00,0,cpu-q-237,3D_task,f7d9486442661c9e621b857ebd1be2bf088e5784
euler,32195776_3,32195776,3,32195776_3/mpi/mpi_force.csv,1,mpi,blast_wave,force,2,2,3,repository_default_pure_mpi,1,76,1000,1000,1000000,4697,55.3097,84.92,84.9,60.473132544,0.02,0.03,0%,10120,0,2644,247,152,2026-07-27T06:56:30.076475943+00:00,2026-07-27T06:57:30.552841769+00:00,0,cpu-q-237,3D_task,f7d9486442661c9e621b857ebd1be2bf088e5784
euler,32195776_3,32195776,3,32195776_3/mpi/mpi_force.csv,1,mpi,blast_wave,force,2,3,3,repository_default_pure_mpi,1,76,1000,1000,1000000,4697,55.5238,84.59,84.6,60.838337536,0.01,0.04,0%,10104,0,2656,245,152,2026-07-27T06:57:30.598623149+00:00,2026-07-27T06:58:31.440160007+00:00,0,cpu-q-237,3D_task,f7d9486442661c9e621b857ebd1be2bf088e5784
euler,32195776_3,32195776,3,32195776_3/mpi/mpi_force.csv,1,mpi,blast_wave,force,4,1,1,repository_default_pure_mpi,1,76,2000,2000,4000000,9590,461.9132,20.76,83.0,467.052105216,0.01,0.04,0%,10108,0,2649,252,152,2026-07-27T07:07:22.446097242+00:00,2026-07-27T07:15:09.501460250+00:00,0,cpu-q-237,3D_task,f7d9486442661c9e621b857ebd1be2bf088e5784
euler,32198486_0,32198486,0,32198486_0/mpi/mpi_hll.csv,1,mpi,blast_wave,hll,1,1,3,repository_default_pure_mpi,1,76,500,500,250000,2276,4.9087,463.67,115.9,10.240737280,0.01,0.04,0%,10088,0,2654,213,153,2026-07-27T05:34:52.605959914+00:00,2026-07-27T05:35:02.849779974+00:00,0,cpu-q-537,3D_task,19a9ed9a2615d226ddf4566ef883ccb110d32f07
euler,32198486_0,32198486,0,32198486_0/mpi/mpi_hll.csv,1,mpi,blast_wave,hll,1,2,3,repository_default_pure_mpi,1,76,500,500,250000,2276,4.5813,496.80,124.2,9.824630784,0.02,0.03,0%,10032,0,2649,224,152,2026-07-27T05:35:02.896224124+00:00,2026-07-27T05:35:12.723885277+00:00,0,cpu-q-537,3D_task,19a9ed9a2615d226ddf4566ef883ccb110d32f07
euler,32198486_0,32198486,0,32198486_0/mpi/mpi_hll.csv,1,mpi,blast_wave,hll,1,3,3,repository_default_pure_mpi,1,76,500,500,250000,2276,4.4735,508.77,127.2,10.126927360,0.01,0.04,0%,10136,0,2652,223,152,2026-07-27T05:35:12.769669309+00:00,2026-07-27T05:35:22.899927475+00:00,0,cpu-q-537,3D_task,19a9ed9a2615d226ddf4566ef883ccb110d32f07
euler,32198486_0,32198486,0,32198486_0/mpi/mpi_hll.csv,1,mpi,blast_wave,hll,2,1,3,repository_default_pure_mpi,1,76,1000,1000,1000000,4653,45.0459,103.29,103.3,52.237928704,0.02,0.03,0%,10036,0,2651,219,153,2026-07-27T05:37:51.861878519+00:00,2026-07-27T05:38:44.102940965+00:00,0,cpu-q-537,3D_task,19a9ed9a2615d226ddf4566ef883ccb110d32f07
euler,32198486_0,32198486,0,32198486_0/mpi/mpi_hll.csv,1,mpi,blast_wave,hll,2,2,3,repository_default_pure_mpi,1,76,1000,1000,1000000,4653,45.7604,101.68,101.7,51.789796096,0.01,0.04,0%,10140,0,2657,221,153,2026-07-27T05:38:44.149434146+00:00,2026-07-27T05:39:35.942343664+00:00,0,cpu-q-537,3D_task,19a9ed9a2615d226ddf4566ef883ccb110d32f07
euler,32198486_0,32198486,0,32198486_0/mpi/mpi_hll.csv,1,mpi,blast_wave,hll,2,3,3,repository_default_pure_mpi,1,76,1000,1000,1000000,4653,45.6617,101.90,101.9,50.707478016,0.01,0.04,0%,10060,0,2654,217,152,2026-07-27T05:39:35.988473940+00:00,2026-07-27T05:40:26.699199440+00:00,0,cpu-q-537,3D_task,19a9ed9a2615d226ddf4566ef883ccb110d32f07
euler,32198486_0,32198486,0,32198486_0/mpi/mpi_hll.csv,1,mpi,blast_wave,hll,4,1,1,repository_default_pure_mpi,1,76,2000,2000,4000000,9508,388.5239,24.47,97.9,393.611588864,0.02,0.03,0%,10064,0,2648,257,153,2026-07-27T05:47:46.249155678+00:00,2026-07-27T05:54:19.863934628+00:00,0,cpu-q-537,3D_task,19a9ed9a2615d226ddf4566ef883ccb110d32f07
euler,32199505_1,32199505,1,32199505_1/mpi/mpi_hllc.csv,1,mpi,blast_wave,hllc,1,1,3,repository_default_pure_mpi,1,76,500,500,250000,2334,5.7013,409.38,102.3,10.706163968,0.02,0.04,0%,10088,0,2656,212,152,2026-07-27T05:55:16.183198779+00:00,2026-07-27T05:55:26.892676790+00:00,0,cpu-q-570,3D_task,19a9ed9a2615d226ddf4566ef883ccb110d32f07
euler,32199505_1,32199505,1,32199505_1/mpi/mpi_hllc.csv,1,mpi,blast_wave,hllc,1,2,3,repository_default_pure_mpi,1,76,500,500,250000,2334,5.5601,419.77,104.9,10.487803136,0.02,0.03,0%,10104,0,2650,227,152,2026-07-27T05:55:26.940175655+00:00,2026-07-27T05:55:37.431122809+00:00,0,cpu-q-570,3D_task,19a9ed9a2615d226ddf4566ef883ccb110d32f07
euler,32199505_1,32199505,1,32199505_1/mpi/mpi_hllc.csv,1,mpi,blast_wave,hllc,1,3,3,repository_default_pure_mpi,1,76,500,500,250000,2334,5.5461,420.84,105.2,10.410485760,0.01,0.04,0%,10132,0,2651,211,152,2026-07-27T05:55:37.475949778+00:00,2026-07-27T05:55:47.889359337+00:00,0,cpu-q-570,3D_task,19a9ed9a2615d226ddf4566ef883ccb110d32f07
euler,32199505_1,32199505,1,32199505_1/mpi/mpi_hllc.csv,1,mpi,blast_wave,hllc,2,1,3,repository_default_pure_mpi,1,76,1000,1000,1000000,4766,50.3493,94.66,94.7,59.276613632,0.01,0.04,0%,10064,0,2653,224,152,2026-07-27T05:58:42.501934350+00:00,2026-07-27T05:59:41.781691354+00:00,0,cpu-q-570,3D_task,19a9ed9a2615d226ddf4566ef883ccb110d32f07
euler,32199505_1,32199505,1,32199505_1/mpi/mpi_hllc.csv,1,mpi,blast_wave,hllc,2,2,3,repository_default_pure_mpi,1,76,1000,1000,1000000,4766,50.5708,94.24,94.2,55.379187456,0.02,0.03,0%,10100,0,2656,212,152,2026-07-27T05:59:41.829018302+00:00,2026-07-27T06:00:37.211228323+00:00,0,cpu-q-570,3D_task,19a9ed9a2615d226ddf4566ef883ccb110d32f07
euler,32199505_1,32199505,1,32199505_1/mpi/mpi_hllc.csv,1,mpi,blast_wave,hllc,2,3,3,repository_default_pure_mpi,1,76,1000,1000,1000000,4766,50.6993,94.01,94.0,55.350256896,0.02,0.04,0%,10120,0,2620,207,152,2026-07-27T06:00:37.257268726+00:00,2026-07-27T06:01:32.610551403+00:00,0,cpu-q-570,3D_task,19a9ed9a2615d226ddf4566ef883ccb110d32f07
euler,32199505_1,32199505,1,32199505_1/mpi/mpi_hllc.csv,1,mpi,blast_wave,hllc,4,1,1,repository_default_pure_mpi,1,76,2000,2000,4000000,9751,435.5002,22.39,89.6,441.332359168,0.02,0.04,0%,10052,0,2655,268,152,2026-07-27T06:09:54.015418182+00:00,2026-07-27T06:17:15.351171018+00:00,0,cpu-q-570,3D_task,19a9ed9a2615d226ddf4566ef883ccb110d32f07
euler,32200152_2,32200152,2,32200152_2/mpi/mpi_hlld.csv,1,mpi,blast_wave,hlld,1,1,3,repository_default_pure_mpi,1,76,500,500,250000,2334,7.9682,292.91,73.2,13.589391104,0.02,0.04,0%,10096,0,2659,228,152,2026-07-27T06:18:26.858422373+00:00,2026-07-27T06:18:40.451094755+00:00,0,cpu-q-237,3D_task,9e3e45ac3fedecdabd5fb22487fe1b43b9b028f2
euler,32200152_2,32200152,2,32200152_2/mpi/mpi_hlld.csv,1,mpi,blast_wave,hlld,1,2,3,repository_default_pure_mpi,1,76,500,500,250000,2334,8.5745,272.20,68.1,15.653423360,0.02,0.03,0%,10064,0,2652,226,153,2026-07-27T06:18:40.496933658+00:00,2026-07-27T06:18:56.153583464+00:00,0,cpu-q-237,3D_task,9e3e45ac3fedecdabd5fb22487fe1b43b9b028f2
euler,32200152_2,32200152,2,32200152_2/mpi/mpi_hlld.csv,1,mpi,blast_wave,hlld,1,3,3,repository_default_pure_mpi,1,76,500,500,250000,2334,8.6576,269.59,67.4,14.414628096,0.01,0.04,0%,10092,0,2644,220,152,2026-07-27T06:18:56.199872240+00:00,2026-07-27T06:19:10.618054069+00:00,0,cpu-q-237,3D_task,9e3e45ac3fedecdabd5fb22487fe1b43b9b028f2
euler,32200152_2,32200152,2,32200152_2/mpi/mpi_hlld.csv,1,mpi,blast_wave,hlld,2,1,3,repository_default_pure_mpi,1,76,1000,1000,1000000,4765,76.7675,62.07,62.1,85.954689792,0.02,0.03,0%,10104,0,2661,248,152,2026-07-27T06:23:30.333820093+00:00,2026-07-27T06:24:56.291528913+00:00,0,cpu-q-237,3D_task,9e3e45ac3fedecdabd5fb22487fe1b43b9b028f2
euler,32200152_2,32200152,2,32200152_2/mpi/mpi_hlld.csv,1,mpi,blast_wave,hlld,2,2,3,repository_default_pure_mpi,1,76,1000,1000,1000000,4765,76.5650,62.23,62.2,82.209364480,0.01,0.04,0%,10004,0,2626,246,153,2026-07-27T06:24:56.337318705+00:00,2026-07-27T06:26:18.549650564+00:00,0,cpu-q-237,3D_task,9e3e45ac3fedecdabd5fb22487fe1b43b9b028f2
euler,32200152_2,32200152,2,32200152_2/mpi/mpi_hlld.csv,1,mpi,blast_wave,hlld,2,3,3,repository_default_pure_mpi,1,76,1000,1000,1000000,4765,76.6463,62.17,62.2,86.507297792,0.02,0.03,0%,10024,0,2642,252,152,2026-07-27T06:26:18.596693378+00:00,2026-07-27T06:27:45.107155341+00:00,0,cpu-q-237,3D_task,9e3e45ac3fedecdabd5fb22487fe1b43b9b028f2
euler,32200152_2,32200152,2,32200152_2/mpi/mpi_hlld.csv,1,mpi,blast_wave,hlld,4,1,1,repository_default_pure_mpi,1,76,2000,2000,4000000,9751,646.7026,15.08,60.3,651.775581952,0.02,0.04,0%,10048,0,2646,278,152,2026-07-27T06:40:18.205838371+00:00,2026-07-27T06:51:09.984454332+00:00,0,cpu-q-237,3D_task,9e3e45ac3fedecdabd5fb22487fe1b43b9b028f2
euler,32195776_3,32195776,3,32195776_3/mpi/mpi_force.csv,1,mpi,shock_bubble,force,1,1,3,repository_default_pure_mpi,1,76,500,197,98500,6544,6.2813,1041.83,102.6,11.639685120,0.01,0.04,0%,10060,0,2662,250,152,2026-07-27T06:51:22.522018516+00:00,2026-07-27T06:51:34.164683380+00:00,0,cpu-q-237,3D_task,f7d9486442661c9e621b857ebd1be2bf088e5784
euler,32195776_3,32195776,3,32195776_3/mpi/mpi_force.csv,1,mpi,shock_bubble,force,1,2,3,repository_default_pure_mpi,1,76,500,197,98500,6544,6.3400,1032.17,101.7,11.714021120,0.01,0.04,0%,10100,0,2647,241,152,2026-07-27T06:51:36.596711255+00:00,2026-07-27T06:51:48.313707946+00:00,0,cpu-q-237,3D_task,f7d9486442661c9e621b857ebd1be2bf088e5784
euler,32195776_3,32195776,3,32195776_3/mpi/mpi_force.csv,1,mpi,shock_bubble,force,1,3,3,repository_default_pure_mpi,1,76,500,197,98500,6544,6.2124,1053.38,103.8,11.569664256,0.01,0.04,0%,10092,0,2648,234,152,2026-07-27T06:51:48.358747200+00:00,2026-07-27T06:51:59.931538259+00:00,0,cpu-q-237,3D_task,f7d9486442661c9e621b857ebd1be2bf088e5784
euler,32195776_3,32195776,3,32195776_3/mpi/mpi_force.csv,1,mpi,shock_bubble,force,2,1,3,repository_default_pure_mpi,1,76,1000,394,394000,13721,52.6017,260.85,102.8,58.006983680,0.01,0.04,0%,10024,0,2658,239,152,2026-07-27T06:52:34.030810084+00:00,2026-07-27T06:53:32.040930027+00:00,0,cpu-q-237,3D_task,f7d9486442661c9e621b857ebd1be2bf088e5784
euler,32195776_3,32195776,3,32195776_3/mpi/mpi_force.csv,1,mpi,shock_bubble,force,2,2,3,repository_default_pure_mpi,1,76,1000,394,394000,13721,53.1858,257.98,101.6,59.456932096,0.02,0.03,0%,10124,0,2654,234,152,2026-07-27T06:53:32.088194317+00:00,2026-07-27T06:54:31.548334799+00:00,0,cpu-q-237,3D_task,f7d9486442661c9e621b857ebd1be2bf088e5784
euler,32195776_3,32195776,3,32195776_3/mpi/mpi_force.csv,1,mpi,shock_bubble,force,2,3,3,repository_default_pure_mpi,1,76,1000,394,394000,13721,52.5670,261.02,102.8,58.017946112,0.01,0.04,0%,10104,0,2648,214,152,2026-07-27T06:54:31.595127524+00:00,2026-07-27T06:55:29.616180326+00:00,0,cpu-q-237,3D_task,f7d9486442661c9e621b857ebd1be2bf088e5784
euler,32195776_3,32195776,3,32195776_3/mpi/mpi_force.csv,1,mpi,shock_bubble,force,4,1,1,repository_default_pure_mpi,1,76,2000,788,1576000,28435,525.4515,54.12,85.3,530.909442816,0.02,0.03,0%,10108,0,2669,273,152,2026-07-27T06:58:31.486131680+00:00,2026-07-27T07:07:22.398724548+00:00,0,cpu-q-237,3D_task,f7d9486442661c9e621b857ebd1be2bf088e5784
euler,32198486_0,32198486,0,32198486_0/mpi/mpi_hll.csv,1,mpi,shock_bubble,hll,1,1,3,repository_default_pure_mpi,1,76,500,197,98500,6294,4.8248,1304.52,128.5,11.210369536,0.02,0.04,0%,10096,25,2644,357,152,2026-07-27T05:34:18.386226173+00:00,2026-07-27T05:34:29.599543782+00:00,0,cpu-q-537,3D_task,19a9ed9a2615d226ddf4566ef883ccb110d32f07
euler,32198486_0,32198486,0,32198486_0/mpi/mpi_hll.csv,1,mpi,shock_bubble,hll,1,2,3,repository_default_pure_mpi,1,76,500,197,98500,6294,5.0122,1255.73,123.7,12.139284224,0.01,0.04,0%,10056,0,2670,228,152,2026-07-27T05:34:30.424070708+00:00,2026-07-27T05:34:42.566454329+00:00,0,cpu-q-537,3D_task,19a9ed9a2615d226ddf4566ef883ccb110d32f07
euler,32198486_0,32198486,0,32198486_0/mpi/mpi_hll.csv,1,mpi,shock_bubble,hll,1,3,3,repository_default_pure_mpi,1,76,500,197,98500,6294,4.5656,1378.56,135.8,9.943847424,0.02,0.03,0%,10096,0,2655,238,153,2026-07-27T05:34:42.612207983+00:00,2026-07-27T05:34:52.559169609+00:00,0,cpu-q-537,3D_task,19a9ed9a2615d226ddf4566ef883ccb110d32f07
euler,32198486_0,32198486,0,32198486_0/mpi/mpi_hll.csv,1,mpi,shock_bubble,hll,2,1,3,repository_default_pure_mpi,1,76,1000,394,394000,13399,43.4920,308.08,121.4,49.178735872,0.02,0.03,0%,10088,0,2638,239,152,2026-07-27T05:35:22.947136642+00:00,2026-07-27T05:36:12.129088826+00:00,0,cpu-q-537,3D_task,19a9ed9a2615d226ddf4566ef883ccb110d32f07
euler,32198486_0,32198486,0,32198486_0/mpi/mpi_hll.csv,1,mpi,shock_bubble,hll,2,2,3,repository_default_pure_mpi,1,76,1000,394,394000,13399,45.2390,296.18,116.7,51.253169408,0.02,0.03,0%,10012,0,2613,243,152,2026-07-27T05:36:12.175833895+00:00,2026-07-27T05:37:03.432262103+00:00,0,cpu-q-537,3D_task,19a9ed9a2615d226ddf4566ef883ccb110d32f07
euler,32198486_0,32198486,0,32198486_0/mpi/mpi_hll.csv,1,mpi,shock_bubble,hll,2,3,3,repository_default_pure_mpi,1,76,1000,394,394000,13399,43.2388,309.88,122.1,48.334127360,0.02,0.03,0%,10036,0,2660,226,152,2026-07-27T05:37:03.477589128+00:00,2026-07-27T05:37:51.814779538+00:00,0,cpu-q-537,3D_task,19a9ed9a2615d226ddf4566ef883ccb110d32f07
euler,32198486_0,32198486,0,32198486_0/mpi/mpi_hll.csv,1,mpi,shock_bubble,hll,4,1,1,repository_default_pure_mpi,1,76,2000,788,1576000,27879,434.1867,64.21,101.2,439.455292928,0.02,0.04,0%,10124,0,2658,254,152,2026-07-27T05:40:26.745189120+00:00,2026-07-27T05:47:46.203456115+00:00,0,cpu-q-537,3D_task,19a9ed9a2615d226ddf4566ef883ccb110d32f07
euler,32199505_1,32199505,1,32199505_1/mpi/mpi_hllc.csv,1,mpi,shock_bubble,hllc,1,1,3,repository_default_pure_mpi,1,76,500,197,98500,7008,6.1260,1143.97,112.7,11.097187584,0.02,0.03,0%,10120,30,2637,372,153,2026-07-27T05:54:41.567754534+00:00,2026-07-27T05:54:52.668019579+00:00,0,cpu-q-570,3D_task,19a9ed9a2615d226ddf4566ef883ccb110d32f07
euler,32199505_1,32199505,1,32199505_1/mpi/mpi_hllc.csv,1,mpi,shock_bubble,hllc,1,2,3,repository_default_pure_mpi,1,76,500,197,98500,7008,6.2729,1117.18,110.0,11.240159488,0.02,0.03,0%,10132,0,2656,218,152,2026-07-27T05:54:53.965217290+00:00,2026-07-27T05:55:05.208590018+00:00,0,cpu-q-570,3D_task,19a9ed9a2615d226ddf4566ef883ccb110d32f07
euler,32199505_1,32199505,1,32199505_1/mpi/mpi_hllc.csv,1,mpi,shock_bubble,hllc,1,3,3,repository_default_pure_mpi,1,76,500,197,98500,7008,6.0599,1156.46,113.9,10.879069440,0.02,0.04,0%,10020,0,2647,226,152,2026-07-27T05:55:05.254924792+00:00,2026-07-27T05:55:16.137150118+00:00,0,cpu-q-570,3D_task,19a9ed9a2615d226ddf4566ef883ccb110d32f07
euler,32199505_1,32199505,1,32199505_1/mpi/mpi_hllc.csv,1,mpi,shock_bubble,hllc,2,1,3,repository_default_pure_mpi,1,76,1000,394,394000,14399,54.6358,263.54,103.8,59.346900992,0.02,0.03,0%,10092,0,2651,217,152,2026-07-27T05:55:47.933934315+00:00,2026-07-27T05:56:47.283838193+00:00,0,cpu-q-570,3D_task,19a9ed9a2615d226ddf4566ef883ccb110d32f07
euler,32199505_1,32199505,1,32199505_1/mpi/mpi_hllc.csv,1,mpi,shock_bubble,hllc,2,2,3,repository_default_pure_mpi,1,76,1000,394,394000,14399,51.9993,276.91,109.1,56.624917248,0.02,0.03,0%,10120,0,2658,249,152,2026-07-27T05:56:47.331413586+00:00,2026-07-27T05:57:43.959462121+00:00,0,cpu-q-570,3D_task,19a9ed9a2615d226ddf4566ef883ccb110d32f07
euler,32199505_1,32199505,1,32199505_1/mpi/mpi_hllc.csv,1,mpi,shock_bubble,hllc,2,3,3,repository_default_pure_mpi,1,76,1000,394,394000,14399,51.7827,278.07,109.6,58.442511104,0.02,0.03,0%,10092,0,2621,222,152,2026-07-27T05:57:44.006784669+00:00,2026-07-27T05:58:42.452353704+00:00,0,cpu-q-570,3D_task,19a9ed9a2615d226ddf4566ef883ccb110d32f07
euler,32199505_1,32199505,1,32199505_1/mpi/mpi_hllc.csv,1,mpi,shock_bubble,hllc,4,1,1,repository_default_pure_mpi,1,76,2000,788,1576000,29288,496.6902,58.97,92.9,501.308029696,0.01,0.04,0%,10052,0,2652,241,154,2026-07-27T06:01:32.657439609+00:00,2026-07-27T06:09:53.968626850+00:00,0,cpu-q-570,3D_task,19a9ed9a2615d226ddf4566ef883ccb110d32f07
euler,32200152_2,32200152,2,32200152_2/mpi/mpi_hlld.csv,1,mpi,shock_bubble,hlld,1,1,3,repository_default_pure_mpi,1,76,500,197,98500,7008,9.3283,751.26,74.0,15.242012416,0.02,0.03,0%,10112,29,2645,376,153,2026-07-27T06:17:39.521034371+00:00,2026-07-27T06:17:54.766259126+00:00,0,cpu-q-237,3D_task,9e3e45ac3fedecdabd5fb22487fe1b43b9b028f2
euler,32200152_2,32200152,2,32200152_2/mpi/mpi_hlld.csv,1,mpi,shock_bubble,hlld,1,2,3,repository_default_pure_mpi,1,76,500,197,98500,7008,9.8059,714.67,70.4,15.573955840,0.02,0.03,0%,10108,0,2649,231,154,2026-07-27T06:17:55.816221229+00:00,2026-07-27T06:18:11.393142205+00:00,0,cpu-q-237,3D_task,9e3e45ac3fedecdabd5fb22487fe1b43b9b028f2
euler,32200152_2,32200152,2,32200152_2/mpi/mpi_hlld.csv,1,mpi,shock_bubble,hlld,1,3,3,repository_default_pure_mpi,1,76,500,197,98500,7008,9.9525,704.15,69.4,15.370541056,0.01,0.04,0%,10012,0,2649,236,152,2026-07-27T06:18:11.438938113+00:00,2026-07-27T06:18:26.812546687+00:00,0,cpu-q-237,3D_task,9e3e45ac3fedecdabd5fb22487fe1b43b9b028f2
euler,32200152_2,32200152,2,32200152_2/mpi/mpi_hlld.csv,1,mpi,shock_bubble,hlld,2,1,3,repository_default_pure_mpi,1,76,1000,394,394000,14399,80.4333,179.02,70.5,86.084162560,0.02,0.03,0%,10016,0,2667,229,152,2026-07-27T06:19:10.664783888+00:00,2026-07-27T06:20:36.752114772+00:00,0,cpu-q-237,3D_task,9e3e45ac3fedecdabd5fb22487fe1b43b9b028f2
euler,32200152_2,32200152,2,32200152_2/mpi/mpi_hlld.csv,1,mpi,shock_bubble,hlld,2,2,3,repository_default_pure_mpi,1,76,1000,394,394000,14399,81.0839,177.58,70.0,86.602475008,0.01,0.04,0%,9936,0,2661,261,152,2026-07-27T06:20:36.799288550+00:00,2026-07-27T06:22:03.404807961+00:00,0,cpu-q-237,3D_task,9e3e45ac3fedecdabd5fb22487fe1b43b9b028f2
euler,32200152_2,32200152,2,32200152_2/mpi/mpi_hlld.csv,1,mpi,shock_bubble,hlld,2,3,3,repository_default_pure_mpi,1,76,1000,394,394000,14399,80.9401,177.90,70.1,86.834115584,0.02,0.03,0%,10096,0,2658,251,152,2026-07-27T06:22:03.449853760+00:00,2026-07-27T06:23:30.287404144+00:00,0,cpu-q-237,3D_task,9e3e45ac3fedecdabd5fb22487fe1b43b9b028f2
euler,32200152_2,32200152,2,32200152_2/mpi/mpi_hlld.csv,1,mpi,shock_bubble,hlld,4,1,1,repository_default_pure_mpi,1,76,2000,788,1576000,29288,746.5608,39.23,61.8,751.817147136,0.01,0.04,0%,10096,0,2610,278,152,2026-07-27T06:27:45.153304658+00:00,2026-07-27T06:40:16.973750198+00:00,0,cpu-q-237,3D_task,9e3e45ac3fedecdabd5fb22487fe1b43b9b028f2
euler,32130228_3,32130228,3,32130228_3/gpu/gpu_force.csv,0,gpu,blast_wave,force,1,1,3,repository_default,0,0,500,500,250000,2300,0.7,3285.714285714,821.428571429,1.336849152,0.74,0.56,98%,166392,0,11867,75,5,2026-07-26T05:45:03.093334744+00:00,2026-07-26T05:45:04.436120923+00:00,0,gpu-q-7,3D_task,ee703c05c778624ac02c2bfe2f3ff2a84338c804
euler,32130228_3,32130228,3,32130228_3/gpu/gpu_force.csv,0,gpu,blast_wave,force,1,2,3,repository_default,0,0,500,500,250000,2300,0.7,3285.714285714,821.428571429,1.377064192,0.75,0.56,98%,166476,0,11898,77,7,2026-07-26T05:45:04.548597177+00:00,2026-07-26T05:45:05.931647429+00:00,0,gpu-q-7,3D_task,ee703c05c778624ac02c2bfe2f3ff2a84338c804
euler,32130228_3,32130228,3,32130228_3/gpu/gpu_force.csv,0,gpu,blast_wave,force,1,3,3,repository_default,0,0,500,500,250000,2300,0.7,3285.714285714,821.428571429,1.354759168,0.75,0.56,98%,164748,0,11368,76,2,2026-07-26T05:45:06.045213935+00:00,2026-07-26T05:45:07.405817827+00:00,0,gpu-q-7,3D_task,ee703c05c778624ac02c2bfe2f3ff2a84338c804
euler,32169903_3,32169903,3,32169903_3/gpu/gpu_force.csv,1,gpu,blast_wave,force,1,1,3,repository_default,0,0,500,500,250000,2300,0.7,3285.714285714,821.428571429,1.363211776,0.74,0.57,98%,166340,0,11867,74,4,2026-07-26T17:47:53.353960424+00:00,2026-07-26T17:47:54.723382895+00:00,0,gpu-q-7,3D_task,2a509747a004965ee75f6c8457436b9cd4d57a06
euler,32169903_3,32169903,3,32169903_3/gpu/gpu_force.csv,1,gpu,blast_wave,force,1,2,3,repository_default,0,0,500,500,250000,2300,0.7,3285.714285714,821.428571429,1.329377792,0.75,0.54,98%,166648,0,11871,75,3,2026-07-26T17:47:54.834863126+00:00,2026-07-26T17:47:56.171231278+00:00,0,gpu-q-7,3D_task,2a509747a004965ee75f6c8457436b9cd4d57a06
euler,32169903_3,32169903,3,32169903_3/gpu/gpu_force.csv,1,gpu,blast_wave,force,1,3,3,repository_default,0,0,500,500,250000,2300,0.7,3285.714285714,821.428571429,1.347506432,0.74,0.55,98%,164468,0,12379,76,5,2026-07-26T17:47:56.285934755+00:00,2026-07-26T17:47:57.639672740+00:00,0,gpu-q-7,3D_task,2a509747a004965ee75f6c8457436b9cd4d57a06
euler,32130228_3,32130228,3,32130228_3/gpu/gpu_force.csv,0,gpu,blast_wave,force,2,1,3,repository_default,0,0,1000,1000,1000000,4697,4.5,1043.777777778,1043.777777778,5.191011328,4.56,0.57,99%,272296,0,12315,152,10,2026-07-26T05:45:27.886634402+00:00,2026-07-26T05:45:33.083784624+00:00,0,gpu-q-7,3D_task,ee703c05c778624ac02c2bfe2f3ff2a84338c804
euler,32130228_3,32130228,3,32130228_3/gpu/gpu_force.csv,0,gpu,blast_wave,force,2,2,3,repository_default,0,0,1000,1000,1000000,4697,4.5,1043.777777778,1043.777777778,5.179716608,4.55,0.57,99%,272696,0,12831,150,7,2026-07-26T05:45:33.198205392+00:00,2026-07-26T05:45:38.383973351+00:00,0,gpu-q-7,3D_task,ee703c05c778624ac02c2bfe2f3ff2a84338c804
euler,32130228_3,32130228,3,32130228_3/gpu/gpu_force.csv,0,gpu,blast_wave,force,2,3,3,repository_default,0,0,1000,1000,1000000,4697,4.5,1043.777777778,1043.777777778,5.201576704,4.56,0.57,99%,270396,0,11816,151,8,2026-07-26T05:45:38.497274181+00:00,2026-07-26T05:45:43.705496270+00:00,0,gpu-q-7,3D_task,ee703c05c778624ac02c2bfe2f3ff2a84338c804
euler,32169903_3,32169903,3,32169903_3/gpu/gpu_force.csv,1,gpu,blast_wave,force,2,1,3,repository_default,0,0,1000,1000,1000000,4697,4.5,1043.777777778,1043.777777778,5.189438720,4.53,0.58,99%,272740,0,13861,151,10,2026-07-26T17:48:17.945938789+00:00,2026-07-26T17:48:23.142211706+00:00,0,gpu-q-7,3D_task,2a509747a004965ee75f6c8457436b9cd4d57a06
euler,32169903_3,32169903,3,32169903_3/gpu/gpu_force.csv,1,gpu,blast_wave,force,2,2,3,repository_default,0,0,1000,1000,1000000,4697,4.5,1043.777777778,1043.777777778,5.214939648,4.54,0.56,99%,272340,0,12826,152,8,2026-07-26T17:48:23.258067503+00:00,2026-07-26T17:48:28.479657904+00:00,0,gpu-q-7,3D_task,2a509747a004965ee75f6c8457436b9cd4d57a06
euler,32169903_3,32169903,3,32169903_3/gpu/gpu_force.csv,1,gpu,blast_wave,force,2,3,3,repository_default,0,0,1000,1000,1000000,4697,4.5,1043.777777778,1043.777777778,5.195732480,4.53,0.58,99%,272480,0,13860,151,10,2026-07-26T17:48:28.595978500+00:00,2026-07-26T17:48:33.797971936+00:00,0,gpu-q-7,3D_task,2a509747a004965ee75f6c8457436b9cd4d57a06
euler,32130228_3,32130228,3,32130228_3/gpu/gpu_force.csv,0,gpu,blast_wave,force,4,1,1,repository_default,0,0,2000,2000,4000000,9590,33.6,285.416666667,1141.666666667,34.398910720,33.62,0.60,99%,693468,0,12293,735,14,2026-07-26T05:46:25.657355426+00:00,2026-07-26T05:47:00.062736094+00:00,0,gpu-q-7,3D_task,ee703c05c778624ac02c2bfe2f3ff2a84338c804
euler,32169903_3,32169903,3,32169903_3/gpu/gpu_force.csv,1,gpu,blast_wave,force,4,1,1,repository_default,0,0,2000,2000,4000000,9590,33.6,285.416666667,1141.666666667,34.355921152,33.52,0.60,99%,695376,0,12812,733,18,2026-07-26T17:49:15.724783245+00:00,2026-07-26T17:49:50.087225408+00:00,0,gpu-q-7,3D_task,2a509747a004965ee75f6c8457436b9cd4d57a06
euler,32130228_3,32130228,3,32130228_3/gpu/gpu_force.csv,0,gpu,blast_wave,force,8,1,1,repository_default,0,0,4000,4000,16000000,19434,265.9,73.087626927,1169.402030839,267.191692800,265.37,0.79,99%,2383144,0,13153,5383,75,2026-07-26T05:52:18.714392343+00:00,2026-07-26T05:56:45.912258354+00:00,0,gpu-q-7,3D_task,ee703c05c778624ac02c2bfe2f3ff2a84338c804
euler,32169903_3,32169903,3,32169903_3/gpu/gpu_force.csv,1,gpu,blast_wave,force,8,1,1,repository_default,0,0,4000,4000,16000000,19434,265.3,73.252921221,1172.046739540,266.585596672,264.31,0.79,99%,2385112,0,13664,5370,76,2026-07-26T17:55:08.075875019+00:00,2026-07-26T17:59:34.668075138+00:00,0,gpu-q-7,3D_task,2a509747a004965ee75f6c8457436b9cd4d57a06
euler,32130235_0,32130235,0,32130235_0/gpu/gpu_hll.csv,0,gpu,blast_wave,hll,1,1,3,repository_default,0,0,500,500,250000,2276,0.7,3251.428571429,812.857142857,1.315425792,0.71,0.56,98%,166396,0,11868,74,4,2026-07-26T05:32:11.512127344+00:00,2026-07-26T05:32:12.833726411+00:00,0,gpu-q-7,3D_task,ee703c05c778624ac02c2bfe2f3ff2a84338c804
euler,32130235_0,32130235,0,32130235_0/gpu/gpu_hll.csv,0,gpu,blast_wave,hll,1,2,3,repository_default,0,0,500,500,250000,2276,0.7,3251.428571429,812.857142857,1.335451904,0.72,0.57,98%,166460,0,12900,75,4,2026-07-26T05:32:12.946157518+00:00,2026-07-26T05:32:14.287296089+00:00,0,gpu-q-7,3D_task,ee703c05c778624ac02c2bfe2f3ff2a84338c804
euler,32130235_0,32130235,0,32130235_0/gpu/gpu_hll.csv,0,gpu,blast_wave,hll,1,3,3,repository_default,0,0,500,500,250000,2276,0.7,3251.428571429,812.857142857,1.317623296,0.71,0.56,98%,166616,0,12039,74,4,2026-07-26T05:32:14.399894702+00:00,2026-07-26T05:32:15.723716073+00:00,0,gpu-q-7,3D_task,ee703c05c778624ac02c2bfe2f3ff2a84338c804
euler,32170124_0,32170124,0,32170124_0/gpu/gpu_hll.csv,1,gpu,blast_wave,hll,1,1,3,repository_default,0,0,500,500,250000,2276,0.7,3251.428571429,812.857142857,1.323587072,0.71,0.56,98%,164496,0,12393,75,5,2026-07-26T17:34:22.589845757+00:00,2026-07-26T17:34:23.919070973+00:00,0,gpu-q-11,3D_task,2a509747a004965ee75f6c8457436b9cd4d57a06
euler,32170124_0,32170124,0,32170124_0/gpu/gpu_hll.csv,1,gpu,blast_wave,hll,1,2,3,repository_default,0,0,500,500,250000,2276,0.7,3251.428571429,812.857142857,1.326551296,0.71,0.55,98%,166552,0,12392,76,6,2026-07-26T17:34:24.028823572+00:00,2026-07-26T17:34:25.361414736+00:00,0,gpu-q-11,3D_task,2a509747a004965ee75f6c8457436b9cd4d57a06
euler,32170124_0,32170124,0,32170124_0/gpu/gpu_hll.csv,1,gpu,blast_wave,hll,1,3,3,repository_default,0,0,500,500,250000,2276,0.7,3251.428571429,812.857142857,1.324454656,0.71,0.55,98%,166420,0,12898,74,4,2026-07-26T17:34:25.473605030+00:00,2026-07-26T17:34:26.804358513+00:00,0,gpu-q-11,3D_task,2a509747a004965ee75f6c8457436b9cd4d57a06
euler,32130235_0,32130235,0,32130235_0/gpu/gpu_hll.csv,0,gpu,blast_wave,hll,2,1,3,repository_default,0,0,1000,1000,1000000,4653,4.2,1107.857142857,1107.857142857,4.893356544,4.25,0.57,99%,272292,0,13332,146,10,2026-07-26T05:32:34.875718572+00:00,2026-07-26T05:32:39.775177398+00:00,0,gpu-q-7,3D_task,ee703c05c778624ac02c2bfe2f3ff2a84338c804
euler,32130235_0,32130235,0,32130235_0/gpu/gpu_hll.csv,0,gpu,blast_wave,hll,2,2,3,repository_default,0,0,1000,1000,1000000,4653,4.2,1107.857142857,1107.857142857,4.889691136,4.26,0.57,99%,270776,0,11808,146,10,2026-07-26T05:32:39.890468963+00:00,2026-07-26T05:32:44.785914318+00:00,0,gpu-q-7,3D_task,ee703c05c778624ac02c2bfe2f3ff2a84338c804
euler,32130235_0,32130235,0,32130235_0/gpu/gpu_hll.csv,0,gpu,blast_wave,hll,2,3,3,repository_default,0,0,1000,1000,1000000,4653,4.2,1107.857142857,1107.857142857,4.893105408,4.25,0.57,99%,272364,0,12838,147,10,2026-07-26T05:32:44.900446447+00:00,2026-07-26T05:32:49.799554920+00:00,0,gpu-q-7,3D_task,ee703c05c778624ac02c2bfe2f3ff2a84338c804
euler,32170124_0,32170124,0,32170124_0/gpu/gpu_hll.csv,1,gpu,blast_wave,hll,2,1,3,repository_default,0,0,1000,1000,1000000,4653,4.2,1107.857142857,1107.857142857,4.914362368,4.25,0.58,99%,272368,0,13350,147,8,2026-07-26T17:34:45.890943156+00:00,2026-07-26T17:34:50.811254021+00:00,0,gpu-q-11,3D_task,2a509747a004965ee75f6c8457436b9cd4d57a06
euler,32170124_0,32170124,0,32170124_0/gpu/gpu_hll.csv,1,gpu,blast_wave,hll,2,2,3,repository_default,0,0,1000,1000,1000000,4653,4.2,1107.857142857,1107.857142857,4.891036672,4.25,0.58,99%,272628,0,12319,145,12,2026-07-26T17:34:50.923285315+00:00,2026-07-26T17:34:55.820794215+00:00,0,gpu-q-11,3D_task,2a509747a004965ee75f6c8457436b9cd4d57a06
euler,32170124_0,32170124,0,32170124_0/gpu/gpu_hll.csv,1,gpu,blast_wave,hll,2,3,3,repository_default,0,0,1000,1000,1000000,4653,4.2,1107.857142857,1107.857142857,4.909939712,4.25,0.58,99%,272332,0,13344,146,9,2026-07-26T17:34:55.934156909+00:00,2026-07-26T17:35:00.850823882+00:00,0,gpu-q-11,3D_task,2a509747a004965ee75f6c8457436b9cd4d57a06
euler,32130235_0,32130235,0,32130235_0/gpu/gpu_hll.csv,0,gpu,blast_wave,hll,4,1,1,repository_default,0,0,2000,2000,4000000,9508,31.3,303.769968051,1215.079872204,32.062912512,31.26,0.60,99%,695312,0,12810,690,13,2026-07-26T05:33:28.599698420+00:00,2026-07-26T05:34:00.669029570+00:00,0,gpu-q-7,3D_task,ee703c05c778624ac02c2bfe2f3ff2a84338c804
euler,32170124_0,32170124,0,32170124_0/gpu/gpu_hll.csv,1,gpu,blast_wave,hll,4,1,1,repository_default,0,0,2000,2000,4000000,9508,31.2,304.743589744,1218.974358974,32.036475904,31.20,0.62,99%,695720,0,13329,687,16,2026-07-26T17:35:39.691636059+00:00,2026-07-26T17:36:11.734236966+00:00,0,gpu-q-11,3D_task,2a509747a004965ee75f6c8457436b9cd4d57a06
euler,32130235_0,32130235,0,32130235_0/gpu/gpu_hll.csv,0,gpu,blast_wave,hll,8,1,1,repository_default,0,0,4000,4000,16000000,19350,247.3,78.245046502,1251.920744036,248.589372928,246.81,0.78,99%,2385228,0,13658,5011,72,2026-07-26T05:38:56.026618154+00:00,2026-07-26T05:43:04.622003450+00:00,0,gpu-q-7,3D_task,ee703c05c778624ac02c2bfe2f3ff2a84338c804
euler,32170124_0,32170124,0,32170124_0/gpu/gpu_hll.csv,1,gpu,blast_wave,hll,8,1,1,repository_default,0,0,4000,4000,16000000,19350,247.3,78.245046502,1251.920744036,249.171960832,246.45,0.88,99%,2385096,0,13154,5165,67,2026-07-26T17:41:06.875123708+00:00,2026-07-26T17:45:16.053147162+00:00,0,gpu-q-11,3D_task,2a509747a004965ee75f6c8457436b9cd4d57a06
euler,32130236_1,32130236,1,32130236_1/gpu/gpu_hllc.csv,0,gpu,blast_wave,hllc,1,1,3,repository_default,0,0,500,500,250000,2334,1.1,2121.818181818,530.454545455,1.719964160,1.11,0.56,98%,166460,0,12889,84,5,2026-07-26T05:32:12.977632903+00:00,2026-07-26T05:32:14.704030733+00:00,0,gpu-q-27,3D_task,ee703c05c778624ac02c2bfe2f3ff2a84338c804
euler,32130236_1,32130236,1,32130236_1/gpu/gpu_hllc.csv,0,gpu,blast_wave,hllc,1,2,3,repository_default,0,0,500,500,250000,2334,1.1,2121.818181818,530.454545455,1.730465536,1.11,0.56,98%,166448,0,12390,83,5,2026-07-26T05:32:14.816837628+00:00,2026-07-26T05:32:16.553866721+00:00,0,gpu-q-27,3D_task,ee703c05c778624ac02c2bfe2f3ff2a84338c804
euler,32130236_1,32130236,1,32130236_1/gpu/gpu_hllc.csv,0,gpu,blast_wave,hllc,1,3,3,repository_default,0,0,500,500,250000,2334,1.1,2121.818181818,530.454545455,1.733079296,1.11,0.56,98%,166304,0,12386,83,11,2026-07-26T05:32:16.667278337+00:00,2026-07-26T05:32:18.406550183+00:00,0,gpu-q-27,3D_task,ee703c05c778624ac02c2bfe2f3ff2a84338c804
euler,32170125_1,32170125,1,32170125_1/gpu/gpu_hllc.csv,1,gpu,blast_wave,hllc,1,1,3,repository_default,0,0,500,500,250000,2334,1.1,2121.818181818,530.454545455,1.718471424,1.10,0.56,98%,164412,0,12404,83,7,2026-07-26T17:34:24.675587702+00:00,2026-07-26T17:34:26.400539758+00:00,0,gpu-q-16,3D_task,2a509747a004965ee75f6c8457436b9cd4d57a06
euler,32170125_1,32170125,1,32170125_1/gpu/gpu_hllc.csv,1,gpu,blast_wave,hllc,1,2,3,repository_default,0,0,500,500,250000,2334,1.1,2121.818181818,530.454545455,1.731124992,1.11,0.57,98%,166616,0,12388,83,4,2026-07-26T17:34:26.514112898+00:00,2026-07-26T17:34:28.251425290+00:00,0,gpu-q-16,3D_task,2a509747a004965ee75f6c8457436b9cd4d57a06
euler,32170125_1,32170125,1,32170125_1/gpu/gpu_hllc.csv,1,gpu,blast_wave,hllc,1,3,3,repository_default,0,0,500,500,250000,2334,1.1,2121.818181818,530.454545455,1.741019904,1.11,0.56,98%,164212,0,12376,84,7,2026-07-26T17:34:28.367334300+00:00,2026-07-26T17:34:30.114453794+00:00,0,gpu-q-16,3D_task,2a509747a004965ee75f6c8457436b9cd4d57a06
euler,32130236_1,32130236,1,32130236_1/gpu/gpu_hllc.csv,0,gpu,blast_wave,hllc,2,1,3,repository_default,0,0,1000,1000,1000000,4766,7.2,661.944444444,661.944444444,7.904153344,7.23,0.58,99%,272700,0,13354,206,12,2026-07-26T05:32:49.174450597+00:00,2026-07-26T05:32:57.084684016+00:00,0,gpu-q-27,3D_task,ee703c05c778624ac02c2bfe2f3ff2a84338c804
euler,32130236_1,32130236,1,32130236_1/gpu/gpu_hllc.csv,0,gpu,blast_wave,hllc,2,2,3,repository_default,0,0,1000,1000,1000000,4766,7.2,661.944444444,661.944444444,7.935760384,7.24,0.57,99%,270228,0,12322,206,9,2026-07-26T05:32:57.199166361+00:00,2026-07-26T05:33:05.141821457+00:00,0,gpu-q-27,3D_task,ee703c05c778624ac02c2bfe2f3ff2a84338c804
euler,32130236_1,32130236,1,32130236_1/gpu/gpu_hllc.csv,0,gpu,blast_wave,hllc,2,3,3,repository_default,0,0,1000,1000,1000000,4766,7.2,661.944444444,661.944444444,7.897952512,7.24,0.57,99%,272208,0,13330,207,15,2026-07-26T05:33:05.265087569+00:00,2026-07-26T05:33:13.169218304+00:00,0,gpu-q-27,3D_task,ee703c05c778624ac02c2bfe2f3ff2a84338c804
euler,32170125_1,32170125,1,32170125_1/gpu/gpu_hllc.csv,1,gpu,blast_wave,hllc,2,1,3,repository_default,0,0,1000,1000,1000000,4766,7.2,661.944444444,661.944444444,7.899209216,7.24,0.56,99%,270764,0,11824,205,17,2026-07-26T17:35:00.886884984+00:00,2026-07-26T17:35:08.792698955+00:00,0,gpu-q-16,3D_task,2a509747a004965ee75f6c8457436b9cd4d57a06
euler,32170125_1,32170125,1,32170125_1/gpu/gpu_hllc.csv,1,gpu,blast_wave,hllc,2,2,3,repository_default,0,0,1000,1000,1000000,4766,7.2,661.944444444,661.944444444,8.098431744,7.24,0.57,99%,272680,0,13353,205,13,2026-07-26T17:35:08.906226246+00:00,2026-07-26T17:35:17.011144213+00:00,0,gpu-q-16,3D_task,2a509747a004965ee75f6c8457436b9cd4d57a06
euler,32170125_1,32170125,1,32170125_1/gpu/gpu_hllc.csv,1,gpu,blast_wave,hllc,2,3,3,repository_default,0,0,1000,1000,1000000,4766,7.2,661.944444444,661.944444444,7.885099520,7.24,0.57,99%,272416,0,13347,204,11,2026-07-26T17:35:17.124541960+00:00,2026-07-26T17:35:25.016550988+00:00,0,gpu-q-16,3D_task,2a509747a004965ee75f6c8457436b9cd4d57a06
euler,32130236_1,32130236,1,32130236_1/gpu/gpu_hllc.csv,0,gpu,blast_wave,hllc,4,1,1,repository_default,0,0,2000,2000,4000000,9751,55.0,177.290909091,709.163636364,55.769492224,54.60,0.71,99%,695276,0,12283,1163,562,2026-07-26T05:34:20.561958806+00:00,2026-07-26T05:35:16.337506334+00:00,0,gpu-q-27,3D_task,ee703c05c778624ac02c2bfe2f3ff2a84338c804
euler,32170125_1,32170125,1,32170125_1/gpu/gpu_hllc.csv,1,gpu,blast_wave,hllc,4,1,1,repository_default,0,0,2000,2000,4000000,9751,55.0,177.290909091,709.163636364,55.756812544,54.82,0.61,99%,695584,0,12814,1162,24,2026-07-26T17:36:32.419181718+00:00,2026-07-26T17:37:28.182242507+00:00,0,gpu-q-16,3D_task,2a509747a004965ee75f6c8457436b9cd4d57a06
euler,32130236_1,32130236,1,32130236_1/gpu/gpu_hllc.csv,0,gpu,blast_wave,hllc,8,1,1,repository_default,0,0,4000,4000,16000000,19905,440.2,45.218082690,723.489323035,441.495037440,438.23,0.83,99%,2385604,0,13157,8863,130,2026-07-26T05:43:52.128538487+00:00,2026-07-26T05:51:13.629995046+00:00,0,gpu-q-27,3D_task,ee703c05c778624ac02c2bfe2f3ff2a84338c804
euler,32170125_1,32170125,1,32170125_1/gpu/gpu_hllc.csv,1,gpu,blast_wave,hllc,8,1,1,repository_default,0,0,4000,4000,16000000,19905,440.1,45.228357192,723.653715065,441.461884928,438.30,0.81,99%,2386180,0,13380,8862,121,2026-07-26T17:46:04.142628042+00:00,2026-07-26T17:53:25.610857494+00:00,0,gpu-q-16,3D_task,2a509747a004965ee75f6c8457436b9cd4d57a06
euler,32130264_2,32130264,2,32130264_2/gpu/gpu_hlld.csv,0,gpu,blast_wave,hlld,1,1,3,hlld_canonical_y_xlb3_ylb3,0,0,500,500,250000,2334,1.0,2334.000000000,583.500000000,1.498008576,1.05,0.39,98%,166620,0,12388,86,5,2026-07-26T05:34:17.657982699+00:00,2026-07-26T05:34:19.162366507+00:00,0,gpu-q-23,3D_task,ee703c05c778624ac02c2bfe2f3ff2a84338c804
euler,32130264_2,32130264,2,32130264_2/gpu/gpu_hlld.csv,0,gpu,blast_wave,hlld,1,2,3,hlld_canonical_y_xlb3_ylb3,0,0,500,500,250000,2334,1.0,2334.000000000,583.500000000,1.590802688,1.05,0.39,98%,168700,0,12384,83,8,2026-07-26T05:34:19.276653737+00:00,2026-07-26T05:34:20.874163783+00:00,0,gpu-q-23,3D_task,ee703c05c778624ac02c2bfe2f3ff2a84338c804
euler,32130264_2,32130264,2,32130264_2/gpu/gpu_hlld.csv,0,gpu,blast_wave,hlld,1,3,3,hlld_canonical_y_xlb3_ylb3,0,0,500,500,250000,2334,1.0,2334.000000000,583.500000000,1.481629952,1.05,0.39,98%,166520,0,12907,84,5,2026-07-26T05:34:20.989578607+00:00,2026-07-26T05:34:22.477729636+00:00,0,gpu-q-23,3D_task,ee703c05c778624ac02c2bfe2f3ff2a84338c804
euler,32170126_2,32170126,2,32170126_2/gpu/gpu_hlld.csv,1,gpu,blast_wave,hlld,1,1,3,hlld_canonical_y_xlb3_ylb3,0,0,500,500,250000,2334,1.0,2334.000000000,583.500000000,1.670783488,1.05,0.57,98%,166392,0,12891,83,6,2026-07-26T17:34:34.823930751+00:00,2026-07-26T17:34:36.500802621+00:00,0,gpu-q-25,3D_task,2a509747a004965ee75f6c8457436b9cd4d57a06
euler,32170126_2,32170126,2,32170126_2/gpu/gpu_hlld.csv,1,gpu,blast_wave,hlld,1,2,3,hlld_canonical_y_xlb3_ylb3,0,0,500,500,250000,2334,1.0,2334.000000000,583.500000000,1.682993664,1.05,0.57,98%,166544,0,12909,82,3,2026-07-26T17:34:36.615104443+00:00,2026-07-26T17:34:38.304336662+00:00,0,gpu-q-25,3D_task,2a509747a004965ee75f6c8457436b9cd4d57a06
euler,32170126_2,32170126,2,32170126_2/gpu/gpu_hlld.csv,1,gpu,blast_wave,hlld,1,3,3,hlld_canonical_y_xlb3_ylb3,0,0,500,500,250000,2334,1.0,2334.000000000,583.500000000,1.669893376,1.05,0.58,98%,166572,0,12400,82,3,2026-07-26T17:34:38.418686784+00:00,2026-07-26T17:34:40.094897886+00:00,0,gpu-q-25,3D_task,2a509747a004965ee75f6c8457436b9cd4d57a06
euler,32130264_2,32130264,2,32130264_2/gpu/gpu_hlld.csv,0,gpu,blast_wave,hlld,2,1,3,hlld_canonical_y_xlb3_ylb3,0,0,1000,1000,1000000,4765,6.7,711.194029851,711.194029851,7.230438656,6.73,0.40,99%,272268,0,12826,199,8,2026-07-26T05:34:51.116028876+00:00,2026-07-26T05:34:58.352806430+00:00,0,gpu-q-23,3D_task,ee703c05c778624ac02c2bfe2f3ff2a84338c804
euler,32130264_2,32130264,2,32130264_2/gpu/gpu_hlld.csv,0,gpu,blast_wave,hlld,2,2,3,hlld_canonical_y_xlb3_ylb3,0,0,1000,1000,1000000,4765,6.7,711.194029851,711.194029851,7.220969984,6.73,0.40,99%,272696,0,13361,199,10,2026-07-26T05:34:58.469093109+00:00,2026-07-26T05:35:05.696538642+00:00,0,gpu-q-23,3D_task,ee703c05c778624ac02c2bfe2f3ff2a84338c804
euler,32130264_2,32130264,2,32130264_2/gpu/gpu_hlld.csv,0,gpu,blast_wave,hlld,2,3,3,hlld_canonical_y_xlb3_ylb3,0,0,1000,1000,1000000,4765,6.7,711.194029851,711.194029851,7.195034624,6.72,0.40,99%,272396,0,12832,198,7,2026-07-26T05:35:05.816010139+00:00,2026-07-26T05:35:13.017833149+00:00,0,gpu-q-23,3D_task,ee703c05c778624ac02c2bfe2f3ff2a84338c804
euler,32170126_2,32170126,2,32170126_2/gpu/gpu_hlld.csv,1,gpu,blast_wave,hlld,2,1,3,hlld_canonical_y_xlb3_ylb3,0,0,1000,1000,1000000,4765,6.7,711.194029851,711.194029851,7.420784640,6.71,0.59,99%,274228,0,12319,195,11,2026-07-26T17:35:09.788022129+00:00,2026-07-26T17:35:17.215563696+00:00,0,gpu-q-25,3D_task,2a509747a004965ee75f6c8457436b9cd4d57a06
euler,32170126_2,32170126,2,32170126_2/gpu/gpu_hlld.csv,1,gpu,blast_wave,hlld,2,2,3,hlld_canonical_y_xlb3_ylb3,0,0,1000,1000,1000000,4765,6.7,711.194029851,711.194029851,7.390625280,6.74,0.58,99%,272772,0,12338,195,9,2026-07-26T17:35:17.332279831+00:00,2026-07-26T17:35:24.729585816+00:00,0,gpu-q-25,3D_task,2a509747a004965ee75f6c8457436b9cd4d57a06
euler,32170126_2,32170126,2,32170126_2/gpu/gpu_hlld.csv,1,gpu,blast_wave,hlld,2,3,3,hlld_canonical_y_xlb3_ylb3,0,0,1000,1000,1000000,4765,6.7,711.194029851,711.194029851,7.388018688,6.74,0.57,99%,273460,0,13084,196,10,2026-07-26T17:35:24.846881336+00:00,2026-07-26T17:35:32.241267785+00:00,0,gpu-q-25,3D_task,2a509747a004965ee75f6c8457436b9cd4d57a06
euler,32130264_2,32130264,2,32130264_2/gpu/gpu_hlld.csv,0,gpu,blast_wave,hlld,4,1,1,hlld_canonical_y_xlb3_ylb3,0,0,2000,2000,4000000,9751,51.1,190.821917808,763.287671233,51.745401088,50.94,0.47,99%,697624,0,12805,1083,20,2026-07-26T05:36:16.077120230+00:00,2026-07-26T05:37:07.829618418+00:00,0,gpu-q-23,3D_task,ee703c05c778624ac02c2bfe2f3ff2a84338c804
euler,32170126_2,32170126,2,32170126_2/gpu/gpu_hlld.csv,1,gpu,blast_wave,hlld,4,1,1,hlld_canonical_y_xlb3_ylb3,0,0,2000,2000,4000000,9751,51.1,190.821917808,763.287671233,51.916530176,51.00,0.62,99%,695656,0,13329,1084,23,2026-07-26T17:36:35.551650935+00:00,2026-07-26T17:37:27.474719112+00:00,0,gpu-q-25,3D_task,2a509747a004965ee75f6c8457436b9cd4d57a06
euler,32130264_2,32130264,2,32130264_2/gpu/gpu_hlld.csv,0,gpu,blast_wave,hlld,8,1,1,hlld_canonical_y_xlb3_ylb3,0,0,4000,4000,16000000,19904,408.7,48.700758503,779.212136041,409.961664512,406.95,0.75,99%,2385288,0,13161,8236,110,2026-07-26T05:45:11.641062008+00:00,2026-07-26T05:52:01.609207340+00:00,0,gpu-q-23,3D_task,ee703c05c778624ac02c2bfe2f3ff2a84338c804
euler,32170126_2,32170126,2,32170126_2/gpu/gpu_hlld.csv,1,gpu,blast_wave,hlld,8,1,1,hlld_canonical_y_xlb3_ylb3,0,0,4000,4000,16000000,19904,409.1,48.653141041,778.450256661,410.428727296,407.40,0.79,99%,2385004,0,13157,8243,109,2026-07-26T17:45:31.875929644+00:00,2026-07-26T17:52:22.310653412+00:00,0,gpu-q-25,3D_task,2a509747a004965ee75f6c8457436b9cd4d57a06
euler,32130228_3,32130228,3,32130228_3/gpu/gpu_force.csv,0,gpu,shock_bubble,force,1,1,3,repository_default,0,0,500,197,98500,6544,1.125822e+00,5812.641785291,572.545215851,1.737795584,1.13,0.56,98%,144904,0,9752,87,3,2026-07-26T05:44:56.829963454+00:00,2026-07-26T05:44:58.573844927+00:00,0,gpu-q-7,3D_task,ee703c05c778624ac02c2bfe2f3ff2a84338c804
euler,32130228_3,32130228,3,32130228_3/gpu/gpu_force.csv,0,gpu,shock_bubble,force,1,2,3,repository_default,0,0,500,197,98500,6544,1.106322e+00,5915.095243519,582.636881487,1.717420032,1.11,0.55,98%,144812,0,10089,81,5,2026-07-26T05:44:59.426058503+00:00,2026-07-26T05:45:01.149557141+00:00,0,gpu-q-7,3D_task,ee703c05c778624ac02c2bfe2f3ff2a84338c804
euler,32130228_3,32130228,3,32130228_3/gpu/gpu_force.csv,0,gpu,shock_bubble,force,1,3,3,repository_default,0,0,500,197,98500,6544,1.110000e+00,5895.495495495,580.706306306,1.709892608,1.12,0.55,98%,143176,0,9582,81,3,2026-07-26T05:45:01.263348503+00:00,2026-07-26T05:45:02.979850863+00:00,0,gpu-q-7,3D_task,ee703c05c778624ac02c2bfe2f3ff2a84338c804
euler,32169903_3,32169903,3,32169903_3/gpu/gpu_force.csv,1,gpu,shock_bubble,force,1,1,3,repository_default,0,0,500,197,98500,6544,1.105597e+00,5918.974092730,583.018948134,1.713155328,1.12,0.54,98%,144728,0,10093,88,8,2026-07-26T17:47:46.983800578+00:00,2026-07-26T17:47:48.703124924+00:00,0,gpu-q-7,3D_task,2a509747a004965ee75f6c8457436b9cd4d57a06
euler,32169903_3,32169903,3,32169903_3/gpu/gpu_force.csv,1,gpu,shock_bubble,force,1,2,3,repository_default,0,0,500,197,98500,6544,1.105004e+00,5922.150508052,583.331825043,1.715043328,1.11,0.55,98%,145052,0,9574,82,5,2026-07-26T17:47:49.666106993+00:00,2026-07-26T17:47:51.387607976+00:00,0,gpu-q-7,3D_task,2a509747a004965ee75f6c8457436b9cd4d57a06
euler,32169903_3,32169903,3,32169903_3/gpu/gpu_force.csv,1,gpu,shock_bubble,force,1,3,3,repository_default,0,0,500,197,98500,6544,1.101911e+00,5938.773639613,584.969203502,1.731238144,1.11,0.56,98%,144768,0,10075,84,5,2026-07-26T17:47:51.504024994+00:00,2026-07-26T17:47:53.241354003+00:00,0,gpu-q-7,3D_task,2a509747a004965ee75f6c8457436b9cd4d57a06
euler,32130228_3,32130228,3,32130228_3/gpu/gpu_force.csv,0,gpu,shock_bubble,force,2,1,3,repository_default,0,0,1000,394,394000,13721,6.026218e+00,2276.884108740,897.092338843,6.675924736,6.03,0.56,99%,186988,0,12917,180,10,2026-07-26T05:45:07.519178695+00:00,2026-07-26T05:45:14.201456430+00:00,0,gpu-q-7,3D_task,ee703c05c778624ac02c2bfe2f3ff2a84338c804
euler,32130228_3,32130228,3,32130228_3/gpu/gpu_force.csv,0,gpu,shock_bubble,force,2,2,3,repository_default,0,0,1000,394,394000,13721,5.999772e+00,2286.920236302,901.046573103,6.643336960,6.01,0.56,99%,186848,0,13422,180,8,2026-07-26T05:45:14.313951480+00:00,2026-07-26T05:45:20.963701387+00:00,0,gpu-q-7,3D_task,ee703c05c778624ac02c2bfe2f3ff2a84338c804
euler,32130228_3,32130228,3,32130228_3/gpu/gpu_force.csv,0,gpu,shock_bubble,force,2,3,3,repository_default,0,0,1000,394,394000,13721,6.014886e+00,2281.173741281,898.782454065,6.688901376,6.01,0.57,99%,187128,0,12916,181,8,2026-07-26T05:45:21.077945542+00:00,2026-07-26T05:45:27.773332039+00:00,0,gpu-q-7,3D_task,ee703c05c778624ac02c2bfe2f3ff2a84338c804
euler,32169903_3,32169903,3,32169903_3/gpu/gpu_force.csv,1,gpu,shock_bubble,force,2,1,3,repository_default,0,0,1000,394,394000,13721,5.978099e+00,2295.211236883,904.313227332,6.616009728,5.97,0.56,99%,186772,0,13413,180,11,2026-07-26T17:47:57.752456957+00:00,2026-07-26T17:48:04.374666704+00:00,0,gpu-q-7,3D_task,2a509747a004965ee75f6c8457436b9cd4d57a06
euler,32169903_3,32169903,3,32169903_3/gpu/gpu_force.csv,1,gpu,shock_bubble,force,2,2,3,repository_default,0,0,1000,394,394000,13721,5.984506e+00,2292.753988383,903.345071423,6.611954944,5.98,0.56,99%,187076,0,12916,179,10,2026-07-26T17:48:04.490639943+00:00,2026-07-26T17:48:11.109459017+00:00,0,gpu-q-7,3D_task,2a509747a004965ee75f6c8457436b9cd4d57a06
euler,32169903_3,32169903,3,32169903_3/gpu/gpu_force.csv,1,gpu,shock_bubble,force,2,3,3,repository_default,0,0,1000,394,394000,13721,5.977776e+00,2295.335255118,904.362090517,6.597390336,5.97,0.55,99%,186972,0,12573,179,8,2026-07-26T17:48:11.226099428+00:00,2026-07-26T17:48:17.830076570+00:00,0,gpu-q-7,3D_task,2a509747a004965ee75f6c8457436b9cd4d57a06
euler,32130228_3,32130228,3,32130228_3/gpu/gpu_force.csv,0,gpu,shock_bubble,force,4,1,1,repository_default,0,0,2000,788,1576000,28435,4.105019e+01,692.688633110,1091.677285781,41.717446144,40.94,0.58,99%,353984,0,12749,880,21,2026-07-26T05:45:43.819909714+00:00,2026-07-26T05:46:25.543256950+00:00,0,gpu-q-7,3D_task,ee703c05c778624ac02c2bfe2f3ff2a84338c804
euler,32169903_3,32169903,3,32169903_3/gpu/gpu_force.csv,1,gpu,shock_bubble,force,4,1,1,repository_default,0,0,2000,788,1576000,28435,4.101772e+01,693.236971728,1092.541467444,41.688617472,40.83,0.58,99%,356088,0,12746,882,53,2026-07-26T17:48:33.913380237+00:00,2026-07-26T17:49:15.608271620+00:00,0,gpu-q-7,3D_task,2a509747a004965ee75f6c8457436b9cd4d57a06
euler,32130228_3,32130228,3,32130228_3/gpu/gpu_force.csv,0,gpu,shock_bubble,force,8,1,1,repository_default,0,0,4000,1576,6304000,58183,3.175307e+02,183.235825701,1155.118645221,318.423119360,316.46,0.68,99%,1020240,0,12273,6410,87,2026-07-26T05:47:00.172033689+00:00,2026-07-26T05:52:18.601297092+00:00,0,gpu-q-7,3D_task,ee703c05c778624ac02c2bfe2f3ff2a84338c804
euler,32169903_3,32169903,3,32169903_3/gpu/gpu_force.csv,1,gpu,shock_bubble,force,8,1,1,repository_default,0,0,4000,1576,6304000,58183,3.168404e+02,183.635041491,1157.635301559,317.760150528,315.22,0.68,99%,1020508,0,12781,6395,86,2026-07-26T17:49:50.197165451+00:00,2026-07-26T17:55:07.963553766+00:00,0,gpu-q-7,3D_task,2a509747a004965ee75f6c8457436b9cd4d57a06
euler,32130235_0,32130235,0,32130235_0/gpu/gpu_hll.csv,0,gpu,shock_bubble,hll,1,1,3,repository_default,0,0,500,197,98500,6294,1.041883e+00,6040.985408150,595.037062703,1.662578176,1.06,0.55,98%,144740,0,9573,86,4,2026-07-26T05:32:05.082610240+00:00,2026-07-26T05:32:06.750993738+00:00,0,gpu-q-7,3D_task,ee703c05c778624ac02c2bfe2f3ff2a84338c804
euler,32130235_0,32130235,0,32130235_0/gpu/gpu_hll.csv,0,gpu,shock_bubble,hll,1,2,3,repository_default,0,0,500,197,98500,6294,1.042712e+00,6036.182570067,594.563983152,1.665007104,1.05,0.55,98%,142768,0,10089,81,6,2026-07-26T05:32:07.958594074+00:00,2026-07-26T05:32:09.630159079+00:00,0,gpu-q-7,3D_task,ee703c05c778624ac02c2bfe2f3ff2a84338c804
euler,32130235_0,32130235,0,32130235_0/gpu/gpu_hll.csv,0,gpu,shock_bubble,hll,1,3,3,repository_default,0,0,500,197,98500,6294,1.039926e+00,6052.353725169,596.156841929,1.651111168,1.05,0.55,98%,144828,0,9743,83,6,2026-07-26T05:32:09.744667224+00:00,2026-07-26T05:32:11.402051581+00:00,0,gpu-q-7,3D_task,ee703c05c778624ac02c2bfe2f3ff2a84338c804
euler,32170124_0,32170124,0,32170124_0/gpu/gpu_hll.csv,1,gpu,shock_bubble,hll,1,1,3,repository_default,0,0,500,197,98500,6294,1.048630e+00,6002.117047958,591.208529224,1.669378560,1.06,0.55,98%,145952,0,9798,86,5,2026-07-26T17:34:16.228513684+00:00,2026-07-26T17:34:17.903442443+00:00,0,gpu-q-11,3D_task,2a509747a004965ee75f6c8457436b9cd4d57a06
euler,32170124_0,32170124,0,32170124_0/gpu/gpu_hll.csv,1,gpu,shock_bubble,hll,1,2,3,repository_default,0,0,500,197,98500,6294,1.047669e+00,6007.622636539,591.750829699,1.658602752,1.05,0.56,98%,145272,0,10081,82,4,2026-07-26T17:34:19.047654592+00:00,2026-07-26T17:34:20.712484455+00:00,0,gpu-q-11,3D_task,2a509747a004965ee75f6c8457436b9cd4d57a06
euler,32170124_0,32170124,0,32170124_0/gpu/gpu_hll.csv,1,gpu,shock_bubble,hll,1,3,3,repository_default,0,0,500,197,98500,6294,1.048523e+00,6002.729553858,591.268861055,1.647556608,1.06,0.55,98%,144728,0,9560,81,6,2026-07-26T17:34:20.826010953+00:00,2026-07-26T17:34:22.479506328+00:00,0,gpu-q-11,3D_task,2a509747a004965ee75f6c8457436b9cd4d57a06
euler,32130235_0,32130235,0,32130235_0/gpu/gpu_hll.csv,0,gpu,shock_bubble,hll,2,1,3,repository_default,0,0,1000,394,394000,13399,5.599614e+00,2392.843506713,942.780341645,6.252093952,5.60,0.57,99%,186772,0,13424,174,9,2026-07-26T05:32:15.835046478+00:00,2026-07-26T05:32:22.092939771+00:00,0,gpu-q-7,3D_task,ee703c05c778624ac02c2bfe2f3ff2a84338c804
euler,32130235_0,32130235,0,32130235_0/gpu/gpu_hll.csv,0,gpu,shock_bubble,hll,2,2,3,repository_default,0,0,1000,394,394000,13399,5.593617e+00,2395.408909834,943.791110475,6.224121856,5.59,0.57,99%,187260,0,12916,172,9,2026-07-26T05:32:22.207158509+00:00,2026-07-26T05:32:28.437315969+00:00,0,gpu-q-7,3D_task,ee703c05c778624ac02c2bfe2f3ff2a84338c804
euler,32130235_0,32130235,0,32130235_0/gpu/gpu_hll.csv,0,gpu,shock_bubble,hll,2,3,3,repository_default,0,0,1000,394,394000,13399,5.572556e+00,2404.462153453,947.358088461,6.205609984,5.57,0.57,99%,187128,0,12912,171,10,2026-07-26T05:32:28.549463097+00:00,2026-07-26T05:32:34.760951099+00:00,0,gpu-q-7,3D_task,ee703c05c778624ac02c2bfe2f3ff2a84338c804
euler,32170124_0,32170124,0,32170124_0/gpu/gpu_hll.csv,1,gpu,shock_bubble,hll,2,1,3,repository_default,0,0,1000,394,394000,13399,5.559751e+00,2410.000016188,949.540006378,6.210821888,5.56,0.56,99%,187060,0,12906,171,6,2026-07-26T17:34:26.916467033+00:00,2026-07-26T17:34:33.133209171+00:00,0,gpu-q-11,3D_task,2a509747a004965ee75f6c8457436b9cd4d57a06
euler,32170124_0,32170124,0,32170124_0/gpu/gpu_hll.csv,1,gpu,shock_bubble,hll,2,2,3,repository_default,0,0,1000,394,394000,13399,5.563375e+00,2408.430134586,948.921473027,6.195738624,5.55,0.57,99%,187080,0,12917,171,10,2026-07-26T17:34:33.243997657+00:00,2026-07-26T17:34:39.446521919+00:00,0,gpu-q-11,3D_task,2a509747a004965ee75f6c8457436b9cd4d57a06
euler,32170124_0,32170124,0,32170124_0/gpu/gpu_hll.csv,1,gpu,shock_bubble,hll,2,3,3,repository_default,0,0,1000,394,394000,13399,5.568514e+00,2406.207472945,948.045744340,6.210898688,5.57,0.57,99%,187052,0,12912,172,12,2026-07-26T17:34:39.560341992+00:00,2026-07-26T17:34:45.777192625+00:00,0,gpu-q-11,3D_task,2a509747a004965ee75f6c8457436b9cd4d57a06
euler,32130235_0,32130235,0,32130235_0/gpu/gpu_hll.csv,0,gpu,shock_bubble,hll,4,1,1,repository_default,0,0,2000,788,1576000,27879,3.788267e+01,735.930175988,1159.825957357,38.567246080,37.79,0.59,99%,353924,0,12756,821,21,2026-07-26T05:32:49.913662706+00:00,2026-07-26T05:33:28.486671308+00:00,0,gpu-q-7,3D_task,ee703c05c778624ac02c2bfe2f3ff2a84338c804
euler,32170124_0,32170124,0,32170124_0/gpu/gpu_hll.csv,1,gpu,shock_bubble,hll,4,1,1,repository_default,0,0,2000,788,1576000,27879,3.791573e+01,735.288493720,1158.814666103,38.609565184,37.73,0.59,99%,354800,0,11956,819,16,2026-07-26T17:35:00.963077932+00:00,2026-07-26T17:35:39.579097679+00:00,0,gpu-q-11,3D_task,2a509747a004965ee75f6c8457436b9cd4d57a06
euler,32130235_0,32130235,0,32130235_0/gpu/gpu_hll.csv,0,gpu,shock_bubble,hll,8,1,1,repository_default,0,0,4000,1576,6304000,57592,2.942146e+02,195.748273539,1233.997116391,295.124030208,293.30,0.66,99%,1020564,0,12284,5942,81,2026-07-26T05:34:00.783650594+00:00,2026-07-26T05:38:55.914225955+00:00,0,gpu-q-7,3D_task,ee703c05c778624ac02c2bfe2f3ff2a84338c804
euler,32170124_0,32170124,0,32170124_0/gpu/gpu_hll.csv,1,gpu,shock_bubble,hll,8,1,1,repository_default,0,0,4000,1576,6304000,57592,2.940166e+02,195.880096566,1234.828128752,294.904492800,292.50,0.71,99%,1021308,0,12508,5959,85,2026-07-26T17:36:11.852902301+00:00,2026-07-26T17:41:06.763582163+00:00,0,gpu-q-11,3D_task,2a509747a004965ee75f6c8457436b9cd4d57a06
euler,32130236_1,32130236,1,32130236_1/gpu/gpu_hllc.csv,0,gpu,shock_bubble,hllc,1,1,3,repository_default,0,0,500,197,98500,7008,1.611649e+00,4348.341357206,428.311623685,2.223335168,1.62,0.55,98%,144812,0,9576,100,6,2026-07-26T05:32:05.136945417+00:00,2026-07-26T05:32:07.367224902+00:00,0,gpu-q-27,3D_task,ee703c05c778624ac02c2bfe2f3ff2a84338c804
euler,32130236_1,32130236,1,32130236_1/gpu/gpu_hllc.csv,0,gpu,shock_bubble,hllc,1,2,3,repository_default,0,0,500,197,98500,7008,1.606756e+00,4361.583214875,429.615946665,2.203216384,1.61,0.55,98%,145220,0,9579,93,7,2026-07-26T05:32:08.317130246+00:00,2026-07-26T05:32:10.526887543+00:00,0,gpu-q-27,3D_task,ee703c05c778624ac02c2bfe2f3ff2a84338c804
euler,32130236_1,32130236,1,32130236_1/gpu/gpu_hllc.csv,0,gpu,shock_bubble,hllc,1,3,3,repository_default,0,0,500,197,98500,7008,1.607466e+00,4359.656751682,429.426190041,2.217582848,1.61,0.55,98%,145032,0,9577,93,9,2026-07-26T05:32:10.640748267+00:00,2026-07-26T05:32:12.864562682+00:00,0,gpu-q-27,3D_task,ee703c05c778624ac02c2bfe2f3ff2a84338c804
euler,32170125_1,32170125,1,32170125_1/gpu/gpu_hllc.csv,1,gpu,shock_bubble,hllc,1,1,3,repository_default,0,0,500,197,98500,7008,1.610143e+00,4352.408450678,428.712232392,2.216677888,1.62,0.55,98%,144740,0,9742,99,9,2026-07-26T17:34:16.369327630+00:00,2026-07-26T17:34:18.592253961+00:00,0,gpu-q-16,3D_task,2a509747a004965ee75f6c8457436b9cd4d57a06
euler,32170125_1,32170125,1,32170125_1/gpu/gpu_hllc.csv,1,gpu,shock_bubble,hllc,1,2,3,repository_default,0,0,500,197,98500,7008,1.606534e+00,4362.185923236,429.675313439,2.229946880,1.61,0.56,99%,144816,0,10072,93,8,2026-07-26T17:34:19.839307242+00:00,2026-07-26T17:34:22.075926081+00:00,0,gpu-q-16,3D_task,2a509747a004965ee75f6c8457436b9cd4d57a06
euler,32170125_1,32170125,1,32170125_1/gpu/gpu_hllc.csv,1,gpu,shock_bubble,hllc,1,3,3,repository_default,0,0,500,197,98500,7008,1.614496e+00,4340.673498107,427.556339564,2.365421568,1.62,0.55,98%,144964,0,9575,92,9,2026-07-26T17:34:22.191615159+00:00,2026-07-26T17:34:24.562747736+00:00,0,gpu-q-16,3D_task,2a509747a004965ee75f6c8457436b9cd4d57a06
euler,32130236_1,32130236,1,32130236_1/gpu/gpu_hllc.csv,0,gpu,shock_bubble,hllc,2,1,3,repository_default,0,0,1000,394,394000,14399,9.446728e+00,1524.231458765,600.547194754,10.088759552,9.42,0.57,99%,187076,0,12904,249,10,2026-07-26T05:32:18.522790647+00:00,2026-07-26T05:32:28.617753445+00:00,0,gpu-q-27,3D_task,ee703c05c778624ac02c2bfe2f3ff2a84338c804
euler,32130236_1,32130236,1,32130236_1/gpu/gpu_hllc.csv,0,gpu,shock_bubble,hllc,2,2,3,repository_default,0,0,1000,394,394000,14399,9.449862e+00,1523.725954940,600.348026246,10.097108992,9.42,0.57,99%,186780,0,12910,252,10,2026-07-26T05:32:28.732942856+00:00,2026-07-26T05:32:38.836254810+00:00,0,gpu-q-27,3D_task,ee703c05c778624ac02c2bfe2f3ff2a84338c804
euler,32130236_1,32130236,1,32130236_1/gpu/gpu_hllc.csv,0,gpu,shock_bubble,hllc,2,3,3,repository_default,0,0,1000,394,394000,14399,9.460057e+00,1522.083852137,599.701037742,10.100266240,9.44,0.56,99%,186848,0,12911,251,23,2026-07-26T05:32:38.952923843+00:00,2026-07-26T05:32:49.059799142+00:00,0,gpu-q-27,3D_task,ee703c05c778624ac02c2bfe2f3ff2a84338c804
euler,32170125_1,32170125,1,32170125_1/gpu/gpu_hllc.csv,1,gpu,shock_bubble,hllc,2,1,3,repository_default,0,0,1000,394,394000,14399,9.458289e+00,1522.368369163,599.813137450,10.082826496,9.44,0.56,99%,186780,0,12900,249,10,2026-07-26T17:34:30.229341302+00:00,2026-07-26T17:34:40.318784959+00:00,0,gpu-q-16,3D_task,2a509747a004965ee75f6c8457436b9cd4d57a06
euler,32170125_1,32170125,1,32170125_1/gpu/gpu_hllc.csv,1,gpu,shock_bubble,hllc,2,2,3,repository_default,0,0,1000,394,394000,14399,9.444342e+00,1524.616537605,600.698915816,10.088101376,9.43,0.56,99%,184932,0,12394,250,12,2026-07-26T17:34:40.434881171+00:00,2026-07-26T17:34:50.529068101+00:00,0,gpu-q-16,3D_task,2a509747a004965ee75f6c8457436b9cd4d57a06
euler,32170125_1,32170125,1,32170125_1/gpu/gpu_hllc.csv,1,gpu,shock_bubble,hllc,2,3,3,repository_default,0,0,1000,394,394000,14399,9.469348e+00,1520.590435582,599.112631619,10.119128320,9.44,0.58,99%,187168,0,13428,250,12,2026-07-26T17:34:50.644233349+00:00,2026-07-26T17:35:00.770630964+00:00,0,gpu-q-16,3D_task,2a509747a004965ee75f6c8457436b9cd4d57a06
euler,32130236_1,32130236,1,32130236_1/gpu/gpu_hllc.csv,0,gpu,shock_bubble,hllc,4,1,1,repository_default,0,0,2000,788,1576000,29288,6.646656e+01,440.642632927,694.452789493,67.161870848,66.13,0.59,99%,353928,0,12237,1389,27,2026-07-26T05:33:13.282460469+00:00,2026-07-26T05:34:20.450445954+00:00,0,gpu-q-27,3D_task,ee703c05c778624ac02c2bfe2f3ff2a84338c804
euler,32170125_1,32170125,1,32170125_1/gpu/gpu_hllc.csv,1,gpu,shock_bubble,hllc,4,1,1,repository_default,0,0,2000,788,1576000,29288,6.645676e+01,440.707611987,694.555196492,67.161634304,66.15,0.60,99%,351908,0,12239,1390,23,2026-07-26T17:35:25.135226270+00:00,2026-07-26T17:36:32.303361679+00:00,0,gpu-q-16,3D_task,2a509747a004965ee75f6c8457436b9cd4d57a06
euler,32130236_1,32130236,1,32130236_1/gpu/gpu_hllc.csv,0,gpu,shock_bubble,hllc,8,1,1,repository_default,0,0,4000,1576,6304000,59222,5.146747e+02,115.066856793,725.381465225,515.553448448,512.21,0.71,99%,1020860,0,12291,10344,172,2026-07-26T05:35:16.451550974+00:00,2026-07-26T05:43:52.011162396+00:00,0,gpu-q-27,3D_task,ee703c05c778624ac02c2bfe2f3ff2a84338c804
euler,32170125_1,32170125,1,32170125_1/gpu/gpu_hllc.csv,1,gpu,shock_bubble,hllc,8,1,1,repository_default,0,0,4000,1576,6304000,59222,5.148307e+02,115.031990128,725.161665767,515.727097088,512.13,0.75,99%,1020680,0,12788,10348,157,2026-07-26T17:37:28.293658823+00:00,2026-07-26T17:46:04.026993651+00:00,0,gpu-q-16,3D_task,2a509747a004965ee75f6c8457436b9cd4d57a06
euler,32130264_2,32130264,2,32130264_2/gpu/gpu_hlld.csv,0,gpu,shock_bubble,hlld,1,1,3,hlld_canonical_y_xlb3_ylb3,0,0,500,197,98500,7008,1.577206e+00,4443.300367866,437.665086235,2.030738944,1.60,0.39,98%,145212,0,9586,97,4,2026-07-26T05:34:10.527461880+00:00,2026-07-26T05:34:12.564204056+00:00,0,gpu-q-23,3D_task,ee703c05c778624ac02c2bfe2f3ff2a84338c804
euler,32130264_2,32130264,2,32130264_2/gpu/gpu_hlld.csv,0,gpu,shock_bubble,hlld,1,2,3,hlld_canonical_y_xlb3_ylb3,0,0,500,197,98500,7008,1.580251e+00,4434.738532043,436.821745406,2.013364736,1.58,0.38,98%,145212,0,9587,94,5,2026-07-26T05:34:13.381377394+00:00,2026-07-26T05:34:15.401425814+00:00,0,gpu-q-23,3D_task,ee703c05c778624ac02c2bfe2f3ff2a84338c804
euler,32130264_2,32130264,2,32130264_2/gpu/gpu_hlld.csv,0,gpu,shock_bubble,hlld,1,3,3,hlld_canonical_y_xlb3_ylb3,0,0,500,197,98500,7008,1.571764e+00,4458.684637134,439.180436758,2.015836672,1.58,0.39,98%,146800,0,10089,95,6,2026-07-26T05:34:15.520179678+00:00,2026-07-26T05:34:17.542612059+00:00,0,gpu-q-23,3D_task,ee703c05c778624ac02c2bfe2f3ff2a84338c804
euler,32170126_2,32170126,2,32170126_2/gpu/gpu_hlld.csv,1,gpu,shock_bubble,hlld,1,1,3,hlld_canonical_y_xlb3_ylb3,0,0,500,197,98500,7008,1.570483e+00,4462.321464161,439.538664220,2.218865408,1.58,0.57,98%,145084,0,10099,98,6,2026-07-26T17:34:26.758794571+00:00,2026-07-26T17:34:28.983428680+00:00,0,gpu-q-25,3D_task,2a509747a004965ee75f6c8457436b9cd4d57a06
euler,32170126_2,32170126,2,32170126_2/gpu/gpu_hlld.csv,1,gpu,shock_bubble,hlld,1,2,3,hlld_canonical_y_xlb3_ylb3,0,0,500,197,98500,7008,1.574035e+00,4452.251697072,438.546792162,2.205415168,1.58,0.56,98%,146992,0,10078,92,6,2026-07-26T17:34:30.170416551+00:00,2026-07-26T17:34:32.382361480+00:00,0,gpu-q-25,3D_task,2a509747a004965ee75f6c8457436b9cd4d57a06
euler,32170126_2,32170126,2,32170126_2/gpu/gpu_hlld.csv,1,gpu,shock_bubble,hlld,1,3,3,hlld_canonical_y_xlb3_ylb3,0,0,500,197,98500,7008,1.572169e+00,4457.536053694,439.067301289,2.205410560,1.58,0.57,98%,144620,0,10092,93,5,2026-07-26T17:34:32.497017671+00:00,2026-07-26T17:34:34.708726795+00:00,0,gpu-q-25,3D_task,2a509747a004965ee75f6c8457436b9cd4d57a06
euler,32130264_2,32130264,2,32130264_2/gpu/gpu_hlld.csv,0,gpu,shock_bubble,hlld,2,1,3,hlld_canonical_y_xlb3_ylb3,0,0,1000,394,394000,14399,8.929866e+00,1612.454207040,635.306957574,9.399939840,8.91,0.40,99%,187100,0,12923,243,10,2026-07-26T05:34:22.591236076+00:00,2026-07-26T05:34:31.997307808+00:00,0,gpu-q-23,3D_task,ee703c05c778624ac02c2bfe2f3ff2a84338c804
euler,32130264_2,32130264,2,32130264_2/gpu/gpu_hlld.csv,0,gpu,shock_bubble,hlld,2,2,3,hlld_canonical_y_xlb3_ylb3,0,0,1000,394,394000,14399,8.917409e+00,1614.706693390,636.194437196,9.378026752,8.91,0.39,99%,186880,0,13419,243,8,2026-07-26T05:34:32.108556054+00:00,2026-07-26T05:34:41.493401683+00:00,0,gpu-q-23,3D_task,ee703c05c778624ac02c2bfe2f3ff2a84338c804
euler,32130264_2,32130264,2,32130264_2/gpu/gpu_hlld.csv,0,gpu,shock_bubble,hlld,2,3,3,hlld_canonical_y_xlb3_ylb3,0,0,1000,394,394000,14399,8.917091e+00,1614.764276825,636.217125069,9.381446144,8.90,0.39,99%,187084,0,12908,241,9,2026-07-26T05:34:41.610055111+00:00,2026-07-26T05:34:50.998201458+00:00,0,gpu-q-23,3D_task,ee703c05c778624ac02c2bfe2f3ff2a84338c804
euler,32170126_2,32170126,2,32170126_2/gpu/gpu_hlld.csv,1,gpu,shock_bubble,hlld,2,1,3,hlld_canonical_y_xlb3_ylb3,0,0,1000,394,394000,14399,8.936124e+00,1611.324999519,634.862049810,10.055528704,8.91,0.56,99%,186936,0,12925,238,10,2026-07-26T17:34:40.208213671+00:00,2026-07-26T17:34:50.269939256+00:00,0,gpu-q-25,3D_task,2a509747a004965ee75f6c8457436b9cd4d57a06
euler,32170126_2,32170126,2,32170126_2/gpu/gpu_hlld.csv,1,gpu,shock_bubble,hlld,2,2,3,hlld_canonical_y_xlb3_ylb3,0,0,1000,394,394000,14399,8.929834e+00,1612.459985258,635.309234192,9.592815104,8.90,0.58,99%,187004,0,12909,239,13,2026-07-26T17:34:50.383410188+00:00,2026-07-26T17:34:59.982547135+00:00,0,gpu-q-25,3D_task,2a509747a004965ee75f6c8457436b9cd4d57a06
euler,32170126_2,32170126,2,32170126_2/gpu/gpu_hlld.csv,1,gpu,shock_bubble,hlld,2,3,3,hlld_canonical_y_xlb3_ylb3,0,0,1000,394,394000,14399,8.929426e+00,1612.533661178,635.338262504,9.564449024,8.91,0.56,99%,186964,0,12922,238,9,2026-07-26T17:35:00.099342861+00:00,2026-07-26T17:35:09.669954610+00:00,0,gpu-q-25,3D_task,2a509747a004965ee75f6c8457436b9cd4d57a06
euler,32130264_2,32130264,2,32130264_2/gpu/gpu_hlld.csv,0,gpu,shock_bubble,hlld,4,1,1,hlld_canonical_y_xlb3_ylb3,0,0,2000,788,1576000,29288,6.231647e+01,469.988110687,740.701262443,62.821963520,62.05,0.42,99%,354076,0,12245,1309,28,2026-07-26T05:35:13.131743652+00:00,2026-07-26T05:36:15.960068729+00:00,0,gpu-q-23,3D_task,ee703c05c778624ac02c2bfe2f3ff2a84338c804
euler,32170126_2,32170126,2,32170126_2/gpu/gpu_hlld.csv,1,gpu,shock_bubble,hlld,4,1,1,hlld_canonical_y_xlb3_ylb3,0,0,2000,788,1576000,29288,6.231913e+01,469.968049939,740.669646704,63.072854272,62.04,0.59,99%,353796,0,12753,1307,23,2026-07-26T17:35:32.357644288+00:00,2026-07-26T17:36:35.436735010+00:00,0,gpu-q-25,3D_task,2a509747a004965ee75f6c8457436b9cd4d57a06
euler,32130264_2,32130264,2,32130264_2/gpu/gpu_hlld.csv,0,gpu,shock_bubble,hlld,8,1,1,hlld_canonical_y_xlb3_ylb3,0,0,4000,1576,6304000,59215,4.827719e+02,122.656268934,773.225119358,483.578280704,480.25,0.61,99%,1020392,0,12287,9709,128,2026-07-26T05:37:07.944728410+00:00,2026-07-26T05:45:11.529198579+00:00,0,gpu-q-23,3D_task,ee703c05c778624ac02c2bfe2f3ff2a84338c804
euler,32170126_2,32170126,2,32170126_2/gpu/gpu_hlld.csv,1,gpu,shock_bubble,hlld,8,1,1,hlld_canonical_y_xlb3_ylb3,0,0,4000,1576,6304000,59215,4.832707e+02,122.529671259,772.427047615,484.163368192,480.82,0.73,99%,1020040,0,12278,9722,131,2026-07-26T17:37:27.588600963+00:00,2026-07-26T17:45:31.758594787+00:00,0,gpu-q-25,3D_task,2a509747a004965ee75f6c8457436b9cd4d57a06
